Country Name,Country Code,Region Code,Subsample,Income Level Name,Income Level Code,Year of survey,Survey Data Source,Survey Type,Total population,"Children, aged 0-14","Youth, aged 15-24","Adult, aged 25-64","Elderly, aged 65+",Urban Population (% of total Population)," Working Age Population, aged 15-64 (% of total Pop.)","Dependency Rate, all compared to 15-64","Youth Dependency Rate, younger than 15 compared to 15-64","Old Age Dependency Rate, older than 64 compared to 15-64","Labor Force, aged 15-64","Labor Force Participation Rate, aged 15-64","Female Labor Force Participation Rate, aged 15-64","Not in labor force or education rate among youth, aged 15-24",Share of workers (aged 15-64) with more than one jobs in last week,"Employment to Population Ratio, aged 15-64","Employment Rate, aged 15-64 ","Unemployment Rate, aged 15-64","Youth Employment Rate, aged 15-24","Youth Unemployment Rate, aged 15-24","Wage employees, aged 15-64 ","Self-employed, aged 15-64","Unpaid, aged 15-64","Employers, aged 15-64","Unpaid or Self-employed, age 15-64","Share of informal jobs, aged 15-64",Share of work contract,Share of health insurance,Share of social security,"Public sector employment, aged 15-64"," Agriculture, aged 15-64"," Industry, aged 15-64"," Services, aged 15-64","Mining, aged 15-64","Manufacturing, aged 15-64","Electricity and utilities, aged 15-64","Construction, aged 15-64","Commerce, aged 15-64","Transport & Communication, aged 15-64","Financial and Business Services, aged 15-64","Public Administration, aged 15-64","Other services, aged 15-64"," Female in non-agricultural employment, aged 15-64","Youth in non-agricultural employment, aged 15-64","Non-Agricultural wage employment, aged 15-64","Non-Agricultural unpaid employment, aged 15-64","Non-Agricultural employer, aged 15-64","Non-Agricultural self-employed, aged 15-64","Youth Non-Agricultural wage employment, aged 15-24","Wage employment in agriculture, aged 15-64","Wage employment in industry, aged 15-64","Wage employment in services, aged 15-64"," Senior Officials, aged 15-64"," Professionals, aged 15-64"," Technicians, aged 15-64"," Clerks, aged 15-64"," Service and Market Sales, aged 15-64"," Skilled Agriculture, aged 15-64"," Craft Workers, aged 15-64"," Machine Operators, aged 15-64"," Elementary Occupations, aged 15-64", Armed Forces,Average weekly working hours,"Underemployment, <35 hours per week","Excessive working hours,>48 hours per week","Median Earnings for wage workers per hour, local nominal currency","Median Earnings for wage workers per month, local nominal currency","Median Earnings for wage workers per month in agriculture, local nominal currenc","Median Earnings for wage workers per month in industry, local nominal currency","Median Earnings for wage workers per month in service, local nominal currency","Median Earnings for wage workers per hour,  deflated to 2011 local currency valu","Real Median Hourly  Wages in USD (base 2011), PPP adjusted","Median Earnings for wage workers per month, deflated to 2011 local currency valu","Real Median Monthly Wages in USD (base 2011), PPP adjusted","Female to Male gender wage gap, calculated with median wages","Public to Private wage gap, calculated with median wages", No Education, Primary Education, Secondary Education, Post Secondary Education,"Mean number of years of education completed, aged 17 and older",Enrollment rate for individuals aged 6-16,Individual age,Mean age of worker between 15-64,"Mean age of worker in agriculture, between 15-64","Mean age of worker in industry, between 15-64","Mean age of worker in services, between 15-64","Mean age of wage worker, between 15-64","Mean age of self-employed or unpaid worker, between 15-64","Mean age of employer, between 15-64",Total flags in survey,"Percentile (100 = max), total flags",Flags over max number of flags,"Percentile (100 = max), share of flags"
Afghanistan,AFG,SAS,All,Low income,LIC,2013,AFG_2013_I2D2_ALCS.dta,I2D2,28020221.0,0.48,0.2,0.3,0.03,0.25,0.5,1.0,0.95,0.05,7043194.0,0.5,0.24,0.34,0.05,0.46,0.91,0.09,0.86,0.14,0.36,0.31,0.3,0.02,0.61,,,,,0.0,0.45,0.22,0.33,0.0,0.08,0.0,0.14,0.11,0.05,0.01,0.07,0.08,0.34,0.53,0.32,0.05,0.02,0.16,0.38,0.08,0.63,0.56,0.01,0.04,0.01,0.02,0.15,0.43,0.11,0.05,0.15,0.01,37.52,0.44,0.28,21.88,2607.0,1216.6,1303.5,9000.0,0.19,0.01,22.81,1.36,1.53,,0.66,0.16,0.13,0.05,9.63,0.94,20.51,32.65,32.93,30.77,33.63,32.79,32.64,32.21,53,39,0.1,72
Albania,ALB,ECS,All,Upper middle income,UMC,2019,alb_2019_silc-c_v01_m_v01_a_gmd.dta,silc-,2862098.0,0.17,0.16,0.53,0.14,,0.69,0.45,0.25,0.2,1408749.0,0.73,0.63,0.07,1.01,0.52,0.71,0.29,0.47,0.53,0.78,0.17,0.0,0.05,0.17,0.45,0.76,,0.98,,0.3,0.24,0.45,0.01,0.13,0.02,0.09,0.11,0.1,0.06,0.06,0.11,0.67,0.77,0.76,0.0,0.04,0.02,0.78,0.12,0.94,0.92,0.01,0.14,0.04,0.01,0.18,0.29,0.16,0.1,0.06,0.01,42.7,0.15,0.25,172.61,33000.0,30000.0,30000.0,35000.0,1.56,0.03,304.08,5.47,0.86,,,,,,,0.9,38.35,41.62,44.04,40.78,40.44,39.87,39.75,44.68,91,75,0.08,68
Angola,AGO,SSF,All,Lower middle income,LMC,2018,ago_2018_idrea_v01_m_v01_a_gmd.dta,idrea,29783592.0,0.5,0.18,0.3,0.03,0.61,0.47,1.11,1.06,0.05,10738475.0,0.78,0.75,0.13,1.06,0.66,0.85,0.15,0.71,0.29,0.27,0.43,0.21,0.08,0.65,0.81,0.6,0.02,0.09,0.08,0.45,0.09,0.46,0.01,0.03,0.01,0.04,0.23,0.05,0.01,0.07,0.12,0.49,0.43,0.26,0.01,0.04,0.22,0.19,0.03,0.46,0.49,0.02,0.06,0.03,0.01,0.26,0.41,0.07,0.05,0.07,0.02,36.76,0.47,0.26,284.14,45000.0,14000.0,30000.0,50000.0,1.0,0.01,157.51,1.95,0.8,2.5,0.17,0.27,0.54,0.02,7.32,0.75,20.1,35.03,35.17,33.99,35.09,36.42,34.5,36.22,54,40,0.05,44
Argentina,ARG,LCN,All,High income,HIC,2021,arg_2021_ephc-s2_v01_m_v01_a_gmd.dta,ephc-,28922467.0,0.23,0.15,0.5,0.12,1.0,0.65,0.54,0.36,0.18,13078900.0,0.7,0.61,0.11,,0.64,0.92,0.08,0.79,0.21,0.74,0.22,0.0,0.03,0.23,,,,,,0.01,0.21,0.77,0.0,0.12,0.01,0.09,0.23,0.06,0.11,0.31,0.06,1.0,0.98,0.72,0.0,0.03,0.22,0.98,0.41,0.67,0.76,,,,,,,,,,,,,,,,,,,,,,,,,0.01,0.05,0.55,0.39,11.6,0.98,34.47,39.93,39.89,39.98,39.95,39.26,41.38,44.78,94,77,0.11,77
Armenia,ARM,ECS,All,Upper middle income,UMC,2020,arm_2020_ilcs_v01_m_v02_a_gmd.dta,ilcs,2714638.0,0.18,0.11,0.56,0.15,0.59,0.67,0.49,0.26,0.22,1295686.0,0.75,0.67,0.16,,0.68,0.91,0.09,0.72,0.28,0.61,0.31,0.07,0.01,0.38,0.47,0.86,,,0.0,0.28,0.19,0.52,0.01,0.09,0.03,0.06,0.12,0.06,0.04,0.08,0.23,0.69,0.76,0.59,0.01,0.01,0.11,0.74,0.07,0.84,0.82,0.06,0.16,0.05,0.03,0.15,0.2,0.09,0.06,0.21,0.0,56.48,0.3,0.2,575.37,108624.99,119999.99,120000.0,100000.01,4.74,0.03,894.4,5.4,0.67,,,,,,,0.96,39.2,42.99,46.42,43.04,41.1,41.39,45.53,43.65,62,50,0.05,45
Australia,AUS,EAS,All,High income,HIC,2015,AUS_2015_I2D2_HILDA.dta,I2D2,17083585.0,0.0,0.16,0.66,0.18,0.85,0.82,0.22,0.0,0.22,10979646.0,0.78,0.73,0.12,0.31,0.74,0.94,0.06,0.87,0.13,0.87,0.08,0.0,0.05,0.08,0.33,0.78,,,0.17,0.03,0.18,0.79,0.01,0.08,0.01,0.08,0.21,0.06,0.16,0.06,0.3,0.99,0.98,0.82,0.0,0.05,0.07,0.98,0.48,0.79,0.9,0.12,0.21,0.16,0.12,0.15,0.02,0.08,0.06,0.07,0.0,35.4,0.35,0.16,28.77,4500.0,3666.67,5666.67,4238.5,0.27,0.17,41.49,27.18,0.69,1.38,0.0,0.0,0.81,0.18,11.33,0.95,45.26,39.09,41.52,39.95,38.76,38.14,44.56,46.5,32,9,0.04,27
Austria,AUT,ECS,All,High income,HIC,2016,AUT_2016_I2D2_EUROSILC.dta,I2D2,8590169.0,0.13,0.13,0.55,0.19,0.6,0.68,0.48,0.2,0.28,4158179.0,0.74,0.66,0.08,,0.67,0.91,0.09,0.87,0.13,0.88,0.07,0.0,0.04,0.08,,,,,,0.04,0.27,0.7,0.0,0.18,0.0,0.08,0.2,0.08,0.12,0.07,0.22,0.96,0.98,0.88,0.0,0.04,0.05,0.98,0.14,0.94,0.9,0.06,0.18,0.19,0.09,0.16,0.04,0.15,0.06,0.08,0.0,38.48,0.24,0.13,11.63,1828.35,1167.33,2006.39,1749.06,0.11,0.13,17.29,20.32,0.7,,0.0,0.01,0.6,0.39,12.53,,42.39,41.71,44.26,40.35,42.12,41.11,46.05,46.72,31,8,0.04,30
Azerbaijan,AZE,ECS,All,Upper middle income,UMC,2015,AZE_2015_I2D2_AMSSW_V01_M.dta,I2D2,8333333.0,0.21,0.16,0.55,0.08,0.59,0.71,0.41,0.29,0.12,3794581.0,0.64,0.54,0.48,,0.62,0.97,0.03,0.95,0.05,0.52,0.43,0.05,0.01,0.48,,,,,0.32,0.34,0.23,0.44,0.0,0.09,0.02,0.11,0.07,0.05,0.04,0.19,0.09,0.55,0.58,0.49,0.02,0.01,0.15,0.49,0.07,0.73,0.74,,,,,,,,,,,52.29,0.12,0.56,0.96,200.0,200.0,300.0,200.0,0.01,0.03,2.29,7.08,0.59,0.63,0.01,0.16,0.62,0.21,,0.31,34.39,38.19,37.67,37.72,38.84,38.5,37.79,43.47,35,13,0.09,70
"Bahamas, The",BHS,LCN,All,High income,HIC,2001,BHS_2001_I2D2_BLCS.dta,I2D2,307235.0,0.32,0.16,0.48,0.05,,0.63,0.58,0.5,0.08,153479.0,0.79,0.74,0.13,0.14,0.76,0.96,0.04,0.9,0.1,,,,,,0.42,,0.58,,0.17,0.03,0.19,0.78,0.0,0.04,0.02,0.13,0.29,0.07,0.11,0.1,0.22,0.99,0.98,,,,,,,,,0.08,0.1,0.11,0.11,0.21,0.03,0.16,0.05,0.15,0.0,42.56,0.13,0.17,,,,,,,,,,,,0.02,0.09,0.67,0.22,11.19,0.99,28.11,36.64,39.24,35.3,36.85,,,,59,47,0.1,75
Bangladesh,BGD,SAS,All,Lower middle income,LMC,2016,bgd_2016_qlfs_v01_m_v01_a_gld_all.dta,qlfs,161338494.0,0.32,0.17,0.46,0.05,0.28,0.63,0.6,0.52,0.08,55510542.0,0.55,0.29,0.26,,0.52,0.95,0.05,0.87,0.13,0.44,0.44,0.07,0.05,0.51,0.95,,,0.05,0.04,0.33,0.23,0.44,0.0,0.16,0.0,0.06,0.18,0.1,0.02,0.02,0.12,0.55,0.78,0.36,0.02,0.03,0.26,0.71,0.25,0.79,0.41,0.02,0.05,0.02,0.02,0.18,0.26,0.19,0.08,0.18,0.0,48.86,0.18,0.51,46.03,10000.0,8000.0,10000.0,14000.0,0.34,0.01,73.03,2.95,0.92,2.3,0.32,0.09,0.47,0.12,,0.89,27.67,36.69,39.9,32.33,36.56,34.07,38.51,42.46,36,15,0.03,13
Barbados,BRB,LCN,All,High income,HIC,1996,BRB_1996_I2D2_CLFSS.dta,I2D2,223875.0,0.0,0.2,0.64,0.16,,0.84,0.19,0.0,0.19,137565.0,0.96,0.96,0.0,1.0,0.86,0.89,0.11,0.76,0.24,0.56,0.03,0.41,0.0,0.44,,,,,,0.06,0.18,0.77,0.0,0.08,0.01,0.08,0.24,0.04,0.07,0.21,0.2,0.95,0.95,0.52,0.39,0.0,0.03,0.64,0.64,0.54,0.56,0.07,0.1,0.07,0.14,0.16,0.02,0.13,0.07,0.24,0.0,,,,,,,,,,,,,,,0.0,0.21,0.58,0.2,12.71,0.9,42.2,37.14,40.92,35.82,37.17,42.99,33.33,,76,67,0.11,78
Belarus,BLR,ECS,All,Upper middle income,UMC,2020,blr_2020_hhs_v01_m_v01_a_gmd.dta,hhs,9186826.0,0.16,0.09,0.58,0.16,0.74,0.68,0.48,0.24,0.23,0.0,,,,,,,,,,,,,,,,,,,,,,,,,,,,,,,,,,,,,,,,,,,,,,,,,,,,,,,,,,,,,,,,,,,,,,,,41.76,,,,,,,,37,16,0.17,90
Belgium,BEL,ECS,All,High income,HIC,2016,BEL_2016_I2D2_EUROSILC.dta,I2D2,11269856.0,0.16,0.12,0.53,0.19,0.82,0.65,0.54,0.24,0.3,4905031.0,0.7,0.65,0.05,,0.63,0.9,0.1,0.77,0.23,0.89,0.07,0.0,0.03,0.08,,,,,,0.01,0.21,0.78,0.0,0.14,0.0,0.07,0.14,0.08,0.15,0.1,0.31,0.99,0.99,0.88,0.0,0.03,0.07,0.99,0.35,0.9,0.9,0.07,0.26,0.15,0.14,0.12,0.01,0.1,0.06,0.09,0.01,37.91,0.27,0.14,12.56,1966.67,2075.0,2100.0,1944.0,0.12,0.13,18.55,21.07,0.82,,0.03,0.07,0.28,0.61,12.05,,41.6,42.03,48.04,41.29,42.26,41.84,44.36,45.47,33,11,0.05,33
Belize,BLZ,LCN,All,Upper middle income,UMC,1999,BLZ_1999_I2D2_LFS.dta,I2D2,243855.0,0.4,0.2,0.35,0.05,0.46,0.54,0.84,0.74,0.1,81596.0,0.62,0.41,0.21,0.04,0.56,0.9,0.1,0.83,0.17,0.67,0.22,0.03,0.08,0.25,,,,,0.0,0.26,0.17,0.57,0.0,0.09,0.01,0.06,0.23,0.05,0.04,0.2,0.04,0.94,0.68,0.53,0.01,0.05,0.15,0.66,0.53,0.68,0.74,0.16,0.03,0.09,0.06,0.1,0.07,0.11,0.07,0.29,0.01,43.01,0.2,0.24,3.33,651.75,499.67,651.75,716.93,0.04,0.03,8.01,6.82,0.97,,0.06,0.58,0.27,0.1,8.15,0.89,24.22,34.05,34.12,33.65,34.12,31.62,37.86,43.0,45,28,0.04,24
Benin,BEN,SSF,All,Low income,LIC,2018,ben_2018_i2d2_ehcvm_v01_m_v02_a.dta,i2d2,11699067.0,0.48,0.17,0.32,0.03,0.45,0.5,1.02,0.96,0.05,5576006.0,0.96,0.98,0.02,,0.96,1.0,0.0,1.0,0.0,0.12,0.61,0.27,0.01,0.87,,,,,0.01,,,,,,,,,,,,,,,0.0,0.0,0.0,0.0,,,,,,,,,,,,,,,,,,,,,,,,,,,,,0.47,0.19,0.28,0.06,8.59,0.7,20.91,32.33,,,,34.7,34.37,39.91,82,71,0.11,78
Bhutan,BTN,SAS,All,Lower middle income,LMC,2017,BTN_2017_I2D2_BLSS.dta,I2D2,678438.0,0.27,0.17,0.48,0.07,0.33,0.65,0.53,0.42,0.11,277763.0,0.63,0.52,0.22,,0.61,0.97,0.03,0.87,0.13,0.53,0.39,0.08,0.01,0.46,,,,,,0.56,0.12,0.32,0.0,0.07,0.0,0.04,0.09,0.03,0.03,0.09,0.08,0.34,0.43,0.49,0.02,0.01,0.15,0.61,0.12,0.79,0.71,0.04,0.13,0.06,0.05,0.16,0.3,0.07,0.09,0.07,0.02,,,,,,,,,,,,,,,0.47,0.23,0.21,0.09,4.38,0.94,30.45,38.78,41.3,35.62,35.63,35.26,39.66,35.92,83,72,0.09,70
Bolivia,BOL,LCN,All,Lower middle income,LMC,2021,bol_2021_eh_v01_m_v01_a_gmd.dta,eh0,11874465.0,0.29,0.17,0.46,0.08,0.71,0.63,0.58,0.46,0.12,5437287.0,0.72,0.62,0.08,,0.68,0.93,0.07,0.9,0.1,0.37,0.44,0.15,0.03,0.6,,,,,,0.23,0.22,0.55,0.02,0.11,0.0,0.09,0.25,0.09,0.05,0.14,0.02,0.76,0.69,0.35,0.06,0.03,0.33,0.55,0.07,0.49,0.45,,,,,,,,,,,,,,,,,,,,,,,,,0.03,0.29,0.34,0.33,10.06,0.98,30.09,38.18,39.1,37.46,38.07,35.84,39.38,42.43,96,79,0.11,77
Bosnia and Herzegovina,BIH,ECS,All,Upper middle income,UMC,2019,bih_2019_i2d2_lfs.dta,i2d2,2535102.0,0.1,0.12,0.54,0.25,,0.65,0.53,0.16,0.37,904512.0,0.55,0.44,0.64,,0.46,0.83,0.17,0.65,0.35,0.78,0.13,0.03,0.06,0.16,,,,,0.0,,,,,,,,,,,,,,,0.0,0.0,0.0,0.0,,,,,,,,,,,,,,,,,,,,,,,,,,,,,0.03,0.24,0.62,0.11,10.76,,47.03,43.77,,,,42.56,48.48,47.39,125,91,0.17,91
Botswana,BWA,SSF,All,Upper middle income,UMC,2015,BWA_2015_I2D2_BMTHS_V01_M_V03_A.dta,I2D2,2072449.0,0.34,0.17,0.43,0.05,0.65,0.6,0.66,0.57,0.09,789414.0,0.63,0.58,0.3,0.04,0.52,0.81,0.19,0.62,0.38,0.77,0.23,0.0,0.0,0.23,0.44,0.55,,0.44,0.25,0.02,0.23,0.75,0.02,0.06,0.09,0.06,0.19,0.03,0.1,0.2,0.23,0.99,0.98,0.75,0.0,0.0,0.23,0.98,0.62,0.58,0.83,0.05,0.08,0.09,0.06,0.19,0.07,0.11,0.06,0.29,0.0,46.49,0.19,0.35,118.43,23400.0,15600.0,27300.0,23400.0,0.98,0.23,196.62,46.13,0.7,2.67,0.09,0.17,0.55,0.19,9.14,0.94,26.75,37.52,39.41,38.55,37.17,36.58,40.56,,82,71,0.08,68
Brazil,BRA,LCN,All,Upper middle income,UMC,2021,bra_2021_pnadc-e5_v01_m_v01_a_gmd.dta,pnadc,212152839.0,0.21,0.15,0.54,0.1,0.86,0.69,0.45,0.3,0.15,100986176.0,0.69,0.59,0.14,,0.59,0.86,0.14,0.7,0.3,0.68,0.26,0.02,0.04,0.28,,,,,,0.1,0.21,0.7,0.0,0.12,0.01,0.08,0.24,0.07,0.1,0.23,0.06,0.95,0.9,0.64,0.01,0.04,0.22,0.88,0.41,0.66,0.72,,,,,,,,,,,,,,,,,,,,,,,,,0.05,0.29,0.24,0.42,9.28,0.98,34.8,38.34,39.74,37.86,38.29,37.19,40.32,43.71,110,87,0.12,81
Bulgaria,BGR,ECS,All,Upper middle income,UMC,2016,BGR_2016_I2D2_EUROSILC.dta,I2D2,7159946.0,0.13,0.1,0.55,0.22,0.67,0.65,0.54,0.2,0.34,3508111.0,0.78,0.74,0.12,,0.65,0.83,0.17,0.6,0.4,0.9,0.06,0.01,0.04,0.06,,,,,,0.07,0.31,0.62,0.0,0.24,0.0,0.07,0.21,0.09,0.09,0.08,0.14,0.96,0.92,0.86,0.0,0.03,0.04,0.91,0.65,0.96,0.9,0.06,0.16,0.09,0.06,0.21,0.03,0.15,0.13,0.12,0.01,41.08,0.05,0.05,1.37,240.55,168.22,231.24,253.85,0.01,0.02,2.42,3.0,0.88,,0.02,0.04,0.65,0.28,11.75,,43.77,42.94,43.61,43.25,42.84,42.82,44.34,45.83,55,42,0.05,40
Burkina Faso,BFA,SSF,All,Low income,LIC,2009,bfa_2009_i2d2_eicvm_gmd.dta,i2d2,15224780.0,0.49,0.17,0.31,0.03,0.24,0.48,1.1,1.03,0.07,6441503.0,0.91,0.88,0.07,1.07,0.89,0.97,0.03,0.96,0.04,0.05,0.39,0.55,0.01,0.94,0.97,0.03,,0.03,0.02,0.81,0.05,0.14,0.0,0.04,0.0,0.01,0.08,0.01,0.0,0.01,0.04,0.16,0.15,0.04,0.03,0.0,0.1,0.03,0.0,0.15,0.27,0.0,0.01,0.01,0.01,0.09,0.81,0.05,0.0,0.02,0.0,,,,,,,,,,,,,,,0.73,0.23,0.04,0.01,1.67,0.9,21.26,33.05,32.9,32.93,33.61,34.78,32.9,40.75,20,4,0.02,3
Burundi,BDI,SSF,All,Low income,LIC,2013,bdi_2013_ecvmb_v01_m_v04_a_gmd.dta,ecvmb,9358917.0,0.48,0.18,0.31,0.03,0.1,0.49,1.05,0.99,0.06,3631193.0,0.8,0.82,0.05,1.07,0.79,0.98,0.02,0.96,0.04,0.13,0.44,0.42,0.01,0.86,0.95,0.09,,0.02,0.02,0.86,0.04,0.1,0.0,0.02,0.0,0.01,0.04,0.01,0.0,0.0,0.04,0.06,0.13,0.09,0.0,0.0,0.04,0.1,0.04,0.65,0.66,,,,,,,,,,,40.51,0.26,0.19,,,,,,,,,,,,0.46,0.35,0.18,0.01,2.85,0.78,20.88,34.94,35.21,34.4,32.98,32.29,35.35,33.86,73,65,0.08,68
Cabo Verde,CPV,SSF,All,Lower middle income,LMC,2007,CPV_2007_I2D2_QUIBB.dta,I2D2,493673.0,0.35,0.24,0.34,0.06,0.57,0.58,0.71,0.6,0.11,174023.0,0.6,0.53,0.23,,0.51,0.84,0.16,0.69,0.31,0.59,0.23,0.12,0.05,0.36,,,,,0.19,0.17,0.25,0.58,0.02,0.07,0.01,0.14,0.21,0.07,0.03,0.27,0.01,0.86,0.8,0.55,0.07,0.04,0.17,0.73,0.23,0.65,0.67,0.04,0.04,0.06,0.05,0.13,0.06,0.13,0.05,0.42,0.0,42.46,0.23,0.23,,,,,,,,,,,,0.0,0.46,0.49,0.05,5.75,0.91,25.76,35.26,36.25,33.52,35.74,34.56,35.81,39.05,52,37,0.08,66
Cambodia,KHM,EAS,All,Lower middle income,LMC,2012,KHM_2012_I2D2_CLFCLS.dta,I2D2,14899129.0,0.28,0.23,0.44,0.05,0.24,0.67,0.49,0.41,0.07,7032426.0,0.7,0.64,0.12,0.09,0.69,0.99,0.01,0.98,0.02,0.47,0.33,0.2,0.0,0.53,0.85,0.29,,0.12,0.08,0.33,0.26,0.41,0.0,0.18,0.01,0.07,0.22,0.06,0.03,0.04,0.07,0.68,0.67,0.37,0.09,0.0,0.2,0.6,0.29,0.74,0.44,0.02,0.04,0.04,0.02,0.22,0.23,0.12,0.13,0.18,0.01,45.56,0.25,0.47,1.71,390.0,325.88,391.05,400.0,0.02,0.0,3.79,0.0,0.88,1.05,0.16,0.47,0.34,0.04,5.17,0.86,28.01,33.67,34.41,29.72,35.52,30.16,36.76,38.79,103,84,0.09,70
Cameroon,CMR,SSF,All,Lower middle income,LMC,2014,CMR_2014_I2D2_ECAM.dta,I2D2,21771547.0,0.44,0.19,0.34,0.04,0.49,0.53,0.9,0.83,0.07,8277699.0,0.73,0.68,0.14,1.25,0.7,0.96,0.04,0.94,0.06,0.22,0.58,0.18,0.03,0.75,0.87,0.11,0.06,0.29,0.05,0.47,0.15,0.39,0.01,0.11,0.0,0.03,0.2,0.06,0.0,0.02,0.11,0.48,0.48,0.19,0.05,0.03,0.26,0.2,0.04,0.32,0.37,0.03,0.05,0.03,0.02,0.27,0.46,0.07,0.05,0.0,0.01,45.25,0.25,0.38,271.25,58000.0,42000.0,60000.0,60000.0,2.57,0.01,560.02,2.31,0.83,2.6,0.19,0.29,0.42,0.1,6.69,0.92,22.39,34.67,35.31,33.34,34.34,34.63,34.55,37.88,70,63,0.06,48
Canada,CAN,NAC,All,High income,HIC,2001,CAN_2001_I2D2_CENSUS.dta,I2D2,29638994.0,0.19,0.13,0.55,0.12,,0.68,0.46,0.28,0.18,15556487.0,0.77,0.71,0.07,,0.71,0.93,0.07,0.86,0.14,0.88,0.07,0.0,0.05,0.07,,,,,,0.03,0.22,0.76,0.02,0.14,0.0,0.06,0.24,0.15,0.06,0.24,0.07,0.98,0.97,0.87,0.0,0.04,0.06,0.97,0.52,0.9,0.89,0.11,0.23,0.05,0.16,0.21,0.04,0.09,0.09,0.04,0.0,38.77,0.24,0.18,13.9,2333.33,1000.0,2787.67,2166.67,0.18,0.14,29.89,23.27,0.63,,0.0,0.27,0.5,0.23,13.91,0.82,36.78,38.62,40.19,39.46,38.33,37.89,43.84,44.51,55,42,0.07,63
Central African Republic,CAF,SSF,All,Low income,LIC,2008,CAF_2008_I2D2_ECASEB.dta,I2D2,4203994.0,0.46,0.19,0.33,0.02,0.37,0.52,0.93,0.89,0.04,1851896.0,0.85,0.83,0.12,,0.65,0.76,0.24,0.77,0.23,0.1,0.72,0.16,0.01,0.89,,,,,0.04,0.64,0.05,0.3,0.04,0.0,0.0,0.01,0.16,0.02,0.0,0.04,0.08,0.32,0.39,0.09,0.08,0.01,0.18,0.06,0.01,0.46,0.22,,,,,,,,,,,40.02,0.3,0.26,204.58,40000.0,30000.0,32000.0,45000.0,2.33,0.01,457.17,1.72,1.13,2.1,0.38,0.36,0.23,0.03,3.93,0.83,20.25,32.23,33.17,33.3,30.53,35.92,31.96,32.56,54,40,0.08,67
Chad,TCD,SSF,All,Low income,LIC,2018,tcd_2018_ehcvm_v01_m_v02_a_gmd.dta,ehcvm,15503179.0,0.53,0.16,0.28,0.03,0.24,0.44,1.27,1.21,0.06,6580835.0,0.96,0.98,0.02,1.27,0.96,1.0,0.0,1.0,0.0,,,,,,,,,,,,,,,,,,,,,,,,,,,,,,,,,,,,,,,,,,,,,,,,,,,,,,,,,0.53,0.24,0.22,0.01,7.77,0.62,19.28,31.93,,,,,,,79,69,0.14,87
Chile,CHL,LCN,All,High income,HIC,2017,chl_2017_casen_v01_m_v06_a_gld_all.dta,casen,17807414.0,0.19,0.15,0.52,0.14,0.87,0.67,0.49,0.29,0.21,8032903.0,0.67,0.57,0.13,,0.62,0.92,0.08,0.79,0.21,0.78,0.2,0.0,0.02,0.2,0.01,0.87,0.97,0.89,0.1,0.09,0.21,0.7,0.02,0.09,0.01,0.09,0.25,0.07,0.09,0.05,0.23,0.94,0.89,0.7,0.0,0.02,0.18,0.88,0.77,0.77,0.78,0.04,0.13,0.11,0.08,0.17,0.03,0.14,0.09,0.22,0.0,42.82,0.17,0.14,1917.91,350000.0,275000.0,400000.0,370000.0,15.78,0.04,2880.5,7.78,0.8,1.43,0.02,0.12,0.36,0.5,11.23,0.99,37.18,40.79,42.74,41.44,40.37,39.7,44.46,46.14,41,22,0.03,15
China,CHN,EAS,All,Upper middle income,UMC,2013,CHN_2013_I2D2_CHIP.dta,I2D2,1355139985.0,0.15,0.14,0.62,0.09,0.54,0.76,0.32,0.19,0.12,718259013.0,0.7,0.61,0.11,,0.68,0.98,0.02,1.0,0.0,0.64,0.32,0.01,0.03,0.33,0.02,0.37,0.94,0.78,0.22,0.16,0.32,0.51,0.02,0.18,0.02,0.1,0.16,0.06,0.07,0.22,0.0,0.78,0.93,0.63,0.01,0.02,0.17,0.93,0.06,0.76,0.75,0.05,0.03,0.07,0.08,0.4,0.03,0.1,0.17,0.06,0.0,49.33,0.05,0.41,11.99,2500.0,2000.0,2500.0,2500.0,0.11,0.03,23.74,6.42,0.8,1.25,0.03,0.57,0.17,0.23,9.08,0.93,37.97,39.74,47.25,38.25,38.36,37.11,44.82,41.48,35,13,0.03,12
Colombia,COL,LCN,All,Upper middle income,UMC,2021,col_2021_geih_v01_m_v04_a_gld_all.dta,geih,49944178.0,0.25,0.17,0.49,0.09,0.78,0.66,0.52,0.38,0.14,23258429.0,0.71,0.58,0.17,1.0,0.61,0.86,0.14,0.75,0.25,0.5,0.44,0.03,0.03,0.47,0.59,0.35,0.38,0.38,0.04,0.16,0.21,0.64,0.01,0.11,0.01,0.08,0.27,0.08,0.03,0.03,0.23,0.94,0.81,0.43,0.02,0.02,0.35,0.71,0.37,0.58,0.51,0.09,0.08,0.06,0.07,0.22,0.07,0.14,0.08,0.2,0.0,44.81,0.18,0.27,4356.19,908526.0,800000.06,908526.06,908528.0,30.12,0.02,6282.12,5.19,1.0,2.64,0.04,0.11,0.42,0.43,9.39,0.93,32.62,38.19,38.4,38.16,38.12,36.51,39.59,44.81,47,31,0.04,25
Comoros,COM,SSF,All,Low income,LIC,2013,COM_2013_I2D2_EIM.dta,I2D2,751636.0,0.4,0.18,0.36,0.05,0.39,0.54,0.84,0.74,0.1,185853.0,0.46,0.35,0.25,1.0,0.42,0.91,0.09,0.8,0.2,0.39,0.51,0.09,0.01,0.6,0.79,0.52,,,0.17,0.36,0.2,0.45,0.0,0.1,0.01,0.09,0.14,0.08,0.01,0.16,0.06,0.65,0.78,0.36,0.06,0.01,0.21,0.53,0.07,0.43,0.63,0.02,0.07,0.07,0.05,0.2,0.36,0.18,0.0,0.03,0.02,42.75,0.24,0.28,0.27,50.0,40.0,40.0,56.33,0.0,0.0,0.49,0.0,1.0,1.88,0.32,0.25,0.34,0.09,5.26,0.82,24.58,38.78,42.67,34.44,37.74,38.16,39.22,41.38,42,23,0.06,47
"Congo, Dem. Rep.",COD,SSF,All,Low income,LIC,2012,COD_2012_I2D2_E123.dta,I2D2,79795627.0,0.46,0.17,0.35,0.03,0.39,0.52,0.93,0.88,0.05,26929517.0,0.67,0.64,0.19,0.62,0.65,0.97,0.03,0.94,0.06,0.17,0.61,0.21,0.02,0.81,0.9,0.3,,,0.06,0.64,0.07,0.29,0.02,0.04,0.0,0.01,0.13,0.02,0.03,0.02,0.08,0.29,0.32,0.16,0.02,0.01,0.16,0.11,0.01,0.25,0.49,,,,,,,,,,,35.94,0.45,0.16,361.21,56000.0,30000.0,75000.0,56000.0,3.36,0.01,510.38,0.93,0.89,0.89,0.26,0.29,0.34,0.1,6.67,0.91,21.75,36.71,36.73,35.28,37.21,39.02,36.25,37.94,52,37,0.07,62
"Congo, Rep.",COG,SSF,All,Lower middle income,LMC,2011,COG_2011_I2D2_ECOM.dta,I2D2,4103166.0,0.4,0.18,0.39,0.04,0.67,0.57,0.76,0.7,0.06,1494090.0,0.64,0.61,0.18,0.14,0.6,0.94,0.06,0.9,0.1,0.29,0.62,0.07,0.01,0.69,,,,,0.12,0.36,0.08,0.56,0.01,0.03,0.0,0.04,0.24,0.04,0.0,0.08,0.21,0.58,0.6,0.28,0.04,0.01,0.3,0.25,0.02,0.56,0.43,,,,,,,,,,,40.78,0.29,0.27,558.93,99000.0,64000.0,95000.0,99999.99,5.64,0.02,1000.0,3.29,0.89,1.56,0.15,0.15,0.6,0.1,7.96,0.96,24.29,37.98,38.97,37.21,37.47,39.37,37.37,39.36,66,57,0.1,73
Costa Rica,CRI,LCN,All,Upper middle income,UMC,2021,cri_2021_enaho_v01_m_v01_a_gmd.dta,enaho,5154187.0,0.19,0.16,0.53,0.13,0.72,0.68,0.46,0.27,0.19,2250192.0,0.64,0.5,0.1,,0.57,0.89,0.11,0.74,0.26,0.77,0.19,0.01,0.03,0.2,,,,,,0.11,0.19,0.7,0.0,0.11,0.01,0.06,0.23,0.07,0.12,0.22,0.06,0.97,0.88,0.69,0.01,0.03,0.17,0.87,0.75,0.76,0.78,,,,,,,,,,,,,,,,,,,,,,,,,0.03,0.1,0.6,0.27,9.13,0.99,36.88,39.93,41.45,39.4,39.85,38.67,44.0,45.49,103,84,0.11,80
Cote d'Ivoire,CIV,SSF,All,Lower middle income,LMC,2008,civ_2008_i2d2_env_v01_m_v01_a_gmd.dta,i2d2,434643.0,0.44,0.21,0.33,0.02,0.39,0.54,0.86,0.81,0.05,155790.0,0.76,0.71,0.13,,0.76,1.0,0.0,0.99,0.01,0.16,0.41,0.43,0.01,0.84,0.88,0.13,0.04,0.06,0.2,0.61,0.08,0.32,0.0,0.06,0.0,0.01,0.19,0.03,0.01,0.01,0.08,0.4,0.38,0.11,0.12,0.01,0.15,0.11,0.07,0.29,0.28,0.01,0.02,0.02,0.02,0.2,0.57,0.09,0.01,0.06,0.0,46.02,0.21,0.36,230.15,50000.0,21725.0,60000.0,60000.0,,,,,0.45,3.52,0.53,0.36,0.1,0.02,3.93,0.6,21.41,33.28,35.08,32.83,33.56,35.34,34.15,38.84,17,3,0.02,2
Croatia,HRV,ECS,All,High income,HIC,2016,HRV_2016_I2D2_EUROSILC.dta,I2D2,4149254.0,0.14,0.12,0.55,0.2,0.57,0.66,0.51,0.2,0.3,1916500.0,0.72,0.68,0.03,,0.55,0.76,0.24,0.55,0.45,0.91,0.05,0.01,0.04,0.05,,,,,,0.05,0.3,0.65,0.0,0.23,0.0,0.08,0.2,0.09,0.1,0.07,0.18,0.97,0.93,0.81,0.0,0.04,0.02,0.93,0.45,0.92,0.93,0.04,0.17,0.15,0.09,0.19,0.03,0.13,0.09,0.1,0.01,40.57,0.04,0.06,3.05,531.66,511.36,539.6,577.91,0.03,0.01,5.31,1.24,0.82,,0.01,0.02,0.74,0.24,11.54,,42.83,41.74,43.76,42.28,42.33,41.37,44.96,45.84,65,56,0.06,47
Cyprus,CYP,ECS,All,High income,HIC,2016,CYP_2016_I2D2_EUROSILC.dta,I2D2,844559.0,0.16,0.14,0.55,0.15,0.73,0.69,0.44,0.23,0.22,427580.0,0.75,0.71,0.11,,0.61,0.81,0.19,0.61,0.39,0.9,0.08,0.0,0.02,0.08,,,,,,0.02,0.16,0.82,0.0,0.08,0.0,0.08,0.27,0.08,0.15,0.11,0.22,0.99,1.0,0.89,0.0,0.02,0.07,1.0,0.34,0.9,0.91,0.03,0.2,0.14,0.12,0.19,0.01,0.11,0.05,0.15,0.01,38.64,0.18,0.08,13.85,2464.83,,1893.25,3805.5,0.14,0.19,25.39,33.3,0.43,,0.01,0.11,0.44,0.45,11.43,,38.64,40.75,46.54,43.39,40.12,40.41,43.01,46.4,92,76,0.08,68
Czechia,CZE,ECS,All,High income,HIC,2016,CZE_2016_I2D2_EUROSILC.dta,I2D2,10339779.0,0.15,0.1,0.56,0.2,0.59,0.66,0.52,0.22,0.3,5010600.0,0.76,0.68,0.03,,0.7,0.92,0.08,0.78,0.22,0.83,0.13,0.0,0.03,0.13,,,,,,0.03,0.38,0.59,0.0,0.29,0.0,0.09,0.15,0.09,0.11,0.06,0.17,0.98,0.98,0.81,0.0,0.03,0.12,0.98,0.76,0.84,0.83,0.05,0.17,0.16,0.09,0.15,0.01,0.18,0.13,0.05,0.0,41.9,0.05,0.16,3.72,659.85,644.97,660.3,656.95,0.04,0.0,6.26,0.43,0.75,,0.01,0.0,0.37,0.62,12.96,,42.04,42.47,45.01,42.23,42.49,42.04,44.21,46.22,70,63,0.06,53
Denmark,DNK,ECS,All,High income,HIC,2016,DNK_2016_I2D2_EUROSILC.dta,I2D2,5657944.0,0.16,0.12,0.51,0.2,0.67,0.64,0.57,0.25,0.32,2583737.0,0.74,0.71,0.07,,0.69,0.93,0.07,0.88,0.12,0.92,0.04,0.0,0.04,0.04,,,,,,0.02,0.2,0.78,0.0,0.14,0.0,0.06,0.16,0.07,0.14,0.06,0.34,0.99,0.95,0.88,0.0,0.03,0.03,0.95,0.59,0.92,0.94,0.04,0.33,0.13,0.08,0.16,0.02,0.11,0.05,0.07,0.01,36.89,0.21,0.07,24.84,3924.46,2954.14,4179.23,3919.07,0.24,0.03,37.98,4.54,0.87,,0.0,0.04,0.34,0.62,12.52,,41.51,43.7,43.48,44.63,43.82,43.43,48.74,46.6,60,48,0.05,44
Djibouti,DJI,MEA,All,Lower middle income,LMC,2017,DJI_2017_I2D2_EDAM_V01_M_V01_A.dta,I2D2,3409013.0,0.36,0.23,0.39,0.03,0.88,0.62,0.62,0.58,0.04,661925.0,0.32,0.18,0.38,2.0,0.22,0.71,0.29,0.25,0.75,0.5,0.28,0.02,0.21,0.29,0.42,0.82,,0.49,,0.01,0.05,0.94,0.0,0.0,0.01,0.03,0.16,0.0,0.03,0.46,0.3,0.99,0.97,0.49,0.01,0.21,0.27,0.95,0.28,0.48,0.5,0.04,0.13,0.13,0.13,0.24,0.02,0.09,0.01,0.1,0.12,32.33,0.43,0.15,0.47,70.0,30.0,65.18,75.0,0.0,0.0,0.68,0.01,0.8,,0.42,0.13,0.35,0.1,5.02,0.8,24.05,39.65,37.13,39.4,39.77,39.29,41.03,38.68,165,100,0.14,87
Dominican Republic,DOM,LCN,All,Upper middle income,UMC,2013,DOM_2013_I2D2_ENFT_V01_M_V01_A.dta,I2D2,10206124.0,0.28,0.2,0.44,0.08,0.67,0.64,0.56,0.44,0.12,4008524.0,0.67,0.51,0.13,0.07,0.63,0.95,0.05,0.89,0.11,0.55,0.4,0.01,0.03,0.41,0.62,0.64,0.71,0.71,0.11,0.13,0.17,0.7,0.0,0.1,0.01,0.06,0.27,0.08,0.06,0.05,0.23,0.98,0.86,0.53,0.01,0.03,0.3,0.81,0.18,0.56,0.62,0.03,0.07,0.07,0.08,0.19,0.07,0.13,0.09,0.25,0.01,41.25,0.24,0.21,52.85,9902.56,7995.4,10862.5,9296.98,0.49,0.02,91.1,4.39,0.8,1.3,0.06,0.38,0.37,0.19,8.58,0.97,29.98,37.5,39.24,35.65,37.64,35.82,39.12,45.59,36,15,0.03,8
Ecuador,ECU,LCN,All,Upper middle income,UMC,2021,ecu_2021_enemdu_v01_m_v01_a_gmd.dta,enemd,17841302.0,0.29,0.18,0.45,0.09,0.68,0.62,0.6,0.46,0.14,7928121.0,0.71,0.6,0.14,,0.68,0.96,0.04,0.92,0.08,0.49,0.34,0.15,0.03,0.49,,,,,,0.3,0.18,0.52,0.01,0.11,0.0,0.05,0.26,0.07,0.05,0.12,0.02,0.74,0.58,0.37,0.05,0.02,0.25,0.45,0.37,0.68,0.48,,,,,,,,,,,,,,,,,,,,,,,,,0.03,0.07,0.54,0.37,9.82,0.97,31.01,38.34,37.72,37.61,38.95,36.59,39.73,44.92,97,80,0.11,78
"Egypt, Arab Rep.",EGY,MEA,All,Lower middle income,LMC,2019,egy_2019_lfs_v01_m_v02_a_gld_all.dta,lfs,98526201.0,0.32,0.23,0.42,0.04,0.42,0.64,0.55,0.49,0.06,27965962.0,0.44,0.16,0.24,2.0,0.41,0.92,0.08,0.81,0.19,0.72,0.13,0.06,0.09,0.19,0.64,,,0.36,0.2,0.2,0.29,0.51,0.0,0.13,0.02,0.14,0.17,0.09,0.04,0.06,0.15,0.79,0.75,0.63,0.02,0.04,0.1,0.71,0.45,0.83,0.76,0.1,0.12,0.08,0.03,0.12,0.15,0.19,0.12,0.09,0.0,46.42,0.09,0.38,11.51,2400.0,2400.0,2450.0,2300.0,0.04,0.03,9.15,5.34,0.83,1.07,0.23,0.1,0.26,0.42,8.56,0.94,26.31,37.26,37.84,34.57,38.55,36.53,36.72,44.45,55,42,0.05,36
El Salvador,SLV,LCN,All,Lower middle income,LMC,2019,slv_2019_i2d2_ehpm_v01_m_v01_a.dta,i2d2,6704755.0,0.24,0.2,0.47,0.1,0.62,0.66,0.51,0.36,0.15,2875947.0,0.65,0.5,0.22,,0.62,0.95,0.05,0.9,0.1,0.63,0.27,0.06,0.04,0.33,,,,,0.0,,,,,,,,,,,,,,,0.0,0.0,0.0,0.0,,,,,,,,,,,,,,,,,,1.7,,,,,0.02,0.03,,,,,0.09,0.51,0.33,0.08,7.55,0.92,32.51,37.41,,,,35.45,40.35,43.97,105,85,0.13,84
Estonia,EST,ECS,All,High income,HIC,2016,EST_2016_I2D2_EUROSILC.dta,I2D2,1302797.0,0.15,0.1,0.55,0.2,0.59,0.65,0.54,0.23,0.31,639904.0,0.78,0.75,0.07,,0.73,0.93,0.07,0.82,0.18,0.9,0.05,0.0,0.05,0.06,,,,,,0.04,0.29,0.67,0.0,0.2,0.0,0.09,0.18,0.12,0.11,0.07,0.19,0.98,0.98,0.86,0.0,0.04,0.04,0.98,0.71,0.92,0.9,0.13,0.21,0.12,0.07,0.13,0.02,0.13,0.12,0.07,0.0,39.27,0.1,0.06,4.28,717.13,595.69,735.98,720.96,0.04,0.07,6.88,11.7,0.71,,0.0,0.01,0.52,0.46,12.86,,41.99,42.58,45.47,42.89,42.36,42.41,44.77,44.07,47,31,0.04,28
Eswatini,SWZ,SSF,All,Lower middle income,LMC,2016,SWZ_2016_I2D2_HIES_V01_M_V01_A.dta,I2D2,1141619.0,0.39,0.2,0.35,0.05,0.22,0.56,0.8,0.71,0.09,344414.0,0.55,0.51,0.2,,0.47,0.85,0.15,0.72,0.28,0.74,0.2,0.02,0.03,0.23,0.54,0.61,,0.46,0.16,0.17,0.23,0.6,0.0,0.15,0.01,0.07,0.18,0.04,0.07,0.08,0.23,0.87,0.68,0.66,0.01,0.03,0.18,0.75,0.64,0.79,0.75,0.03,0.1,0.06,0.04,0.22,0.08,0.17,0.08,0.21,0.01,42.9,0.27,0.33,9.63,1800.0,1300.0,1738.0,2172.5,0.07,0.02,13.08,3.18,0.74,5.33,0.05,0.31,0.56,0.08,9.02,0.97,24.21,36.41,34.54,35.79,37.19,35.47,39.81,41.75,58,46,0.06,53
Ethiopia,ETH,SSF,All,Low income,LIC,2021,eth_2021_lfs_v01_m_v01_a_gld_all.dta,lfs,98035894.0,0.42,0.19,0.35,0.04,0.21,0.53,0.87,0.79,0.08,36697004.0,0.7,0.6,0.15,,0.67,0.96,0.04,0.94,0.06,0.15,0.54,0.31,0.0,0.85,0.87,0.87,,,0.5,0.63,0.06,0.3,0.01,0.03,0.01,0.02,0.08,0.02,0.02,0.01,0.18,0.45,0.35,0.14,0.08,0.0,0.14,0.13,0.02,0.44,0.36,0.01,0.03,0.03,0.01,0.12,0.5,0.03,0.02,0.26,0.0,32.2,0.58,0.17,18.02,3200.0,1200.0,2700.0,3800.0,0.05,0.01,8.66,1.55,0.69,2.4,0.04,0.64,0.2,0.12,7.63,0.63,23.07,33.29,34.03,32.83,31.85,32.29,33.45,39.53,95,78,0.08,68
Fiji,FJI,EAS,All,Upper middle income,UMC,2008,fji_2008_i2d2_hies_gmd.dta,i2d2,833132.0,0.29,0.19,0.47,0.05,0.51,0.66,0.52,0.45,0.08,298533.0,0.55,0.34,0.19,,0.49,0.9,0.1,0.74,0.26,0.7,0.26,0.02,0.02,0.28,,,,,,0.25,0.18,0.57,0.0,0.1,0.01,0.06,0.22,0.08,0.05,0.2,0.03,0.89,0.73,0.63,0.01,0.01,0.09,0.72,0.27,0.86,0.85,0.01,0.04,0.16,0.08,0.14,0.19,0.11,0.09,0.18,0.0,,,,,,,,,,,,,,,,,,,,0.94,28.48,37.44,38.5,36.08,37.45,36.33,39.92,44.29,84,72,0.09,71
Finland,FIN,ECS,All,High income,HIC,2016,FIN_2016_I2D2_EUROSILC.dta,I2D2,5404488.0,0.15,0.12,0.51,0.22,0.7,0.63,0.59,0.25,0.35,2421468.0,0.74,0.71,0.12,,0.64,0.86,0.14,0.72,0.28,0.87,0.09,0.0,0.04,0.09,,,,,,0.04,0.22,0.75,0.0,0.14,0.0,0.07,0.15,0.11,0.13,0.04,0.31,0.98,0.97,0.85,0.0,0.04,0.07,0.97,0.31,0.87,0.89,0.04,0.25,0.18,0.06,0.19,0.03,0.11,0.08,0.05,0.0,38.26,0.15,0.08,17.36,2844.33,2492.08,3192.75,2752.0,0.16,0.17,26.97,27.7,0.8,,0.0,0.0,0.53,0.47,12.74,,42.45,43.45,46.52,43.02,43.43,42.86,47.05,47.61,52,37,0.05,34
France,FRA,ECS,All,High income,HIC,2016,FRA_2016_I2D2_EUROSILC.dta,I2D2,62837902.0,0.17,0.12,0.51,0.2,0.66,0.63,0.59,0.27,0.32,29111315.0,0.77,0.73,0.04,,0.68,0.89,0.11,0.78,0.22,0.9,0.09,0.0,0.0,0.1,,,,,,0.04,0.16,0.8,0.0,0.09,0.0,0.08,0.16,0.1,0.13,0.1,0.32,0.98,0.97,0.8,0.0,0.0,0.08,0.97,0.47,0.89,0.91,0.05,0.21,0.2,0.09,0.16,0.03,0.09,0.08,0.09,0.01,38.51,0.18,0.15,10.84,1730.83,1250.83,1743.33,1682.5,0.11,0.12,16.89,19.14,0.8,,0.02,0.08,0.29,0.61,11.63,,41.55,41.91,45.56,40.42,42.26,41.82,45.23,52.35,63,52,0.06,46
Gabon,GAB,SSF,All,Upper middle income,UMC,2017,GAB_2017_I2D2_EGEP.dta,I2D2,2215729.0,0.37,0.18,0.41,0.04,,0.59,0.7,0.64,0.06,692823.0,0.53,0.43,0.2,1.95,0.47,0.88,0.12,0.8,0.2,0.44,0.26,0.27,0.03,0.53,,,,,0.76,0.19,0.16,0.65,0.05,0.07,0.0,0.04,0.18,0.07,0.01,0.04,0.35,0.76,0.81,0.42,0.21,0.03,0.15,0.53,0.11,0.44,0.54,,,,,,,,,,,45.67,0.16,0.35,1611.05,300000.0,195525.0,300000.0,303900.0,14.57,0.04,2658.94,7.4,0.93,0.5,0.15,0.17,0.55,0.13,7.14,0.92,24.63,38.22,42.17,37.07,37.3,38.33,38.03,39.22,66,57,0.1,74
"Gambia, The",GMB,SSF,All,Low income,LIC,2020,gmb_2020_ihs_v02_m_v02_a_gmd.dta,ihs,2027695.0,0.44,0.2,0.33,0.03,0.55,0.53,0.89,0.83,0.06,530509.0,0.49,0.37,0.38,,0.36,0.73,0.27,0.53,0.47,0.42,0.53,0.03,0.02,0.56,0.67,0.23,,0.12,,0.14,0.14,0.72,0.01,0.02,0.02,0.09,0.16,0.1,0.01,0.04,0.42,0.82,0.84,0.4,0.01,0.02,0.44,0.76,0.18,0.47,0.46,0.01,0.08,0.04,0.04,0.33,0.13,0.05,0.03,0.27,0.01,,,,,,,,,,,,,,,0.52,0.08,0.27,0.13,4.52,0.67,21.94,36.15,36.66,34.62,36.36,34.44,37.33,38.77,93,77,0.1,73
Georgia,GEO,ECS,All,Lower middle income,LMC,2020,geo_2020_i2d2_his.dta,i2d2,3716858.0,0.19,0.1,0.53,0.18,0.6,0.63,0.58,0.3,0.28,2108898.0,0.9,0.88,0.0,,0.58,0.64,0.36,0.47,0.53,0.56,0.26,0.16,0.02,0.42,,,,,,,,,,,,,,,,,,,,0.0,0.0,0.0,0.0,,,,,,,,,,,,,,,,,,,,,,,,,,,,,0.0,0.01,0.67,0.31,13.25,0.98,40.29,43.58,,,,41.8,45.97,42.95,81,70,0.11,78
Germany,DEU,ECS,All,High income,HIC,2011,DEU_2011_I2D2_EUROSILC.dta,I2D2,80845125.0,0.13,0.11,0.55,0.21,0.85,0.66,0.51,0.2,0.32,39308531.0,0.75,0.7,0.08,,0.69,0.91,0.09,0.91,0.09,0.94,0.04,0.0,0.02,0.04,,,,,,0.01,0.25,0.74,0.0,0.2,0.0,0.05,0.15,0.09,0.15,0.11,0.25,0.99,0.98,0.93,0.0,0.02,0.04,0.98,0.59,0.96,0.93,0.05,0.16,0.27,0.16,0.09,0.01,0.1,0.1,0.05,0.0,37.92,0.25,0.13,14.12,2333.33,1178.0,2666.67,2191.92,0.14,0.17,23.83,28.69,0.58,,0.0,0.02,0.57,0.41,12.91,,43.53,42.51,43.54,42.09,42.77,42.36,45.54,47.14,54,40,0.05,38
Ghana,GHA,SSF,All,Lower middle income,LMC,2016,gha_2016_glss-vii_v01_m_v03_a_gmd.dta,glss-,28358411.0,0.38,0.19,0.38,0.05,0.51,0.57,0.75,0.67,0.09,11881373.0,0.95,0.95,0.09,1.13,0.92,0.96,0.04,0.94,0.06,0.24,0.49,0.23,0.04,0.72,0.87,0.44,0.15,0.35,0.07,0.38,0.14,0.48,0.02,0.08,0.0,0.04,0.18,0.04,0.01,0.01,0.24,0.65,0.56,0.23,0.08,0.03,0.26,0.27,0.02,0.35,0.39,0.01,0.08,0.02,0.01,0.38,0.37,0.05,0.01,0.06,0.0,38.85,0.38,0.28,3.33,550.0,608.3,750.0,500.0,0.02,0.02,2.79,3.58,0.61,2.22,0.19,0.12,0.55,0.14,9.65,0.9,25.18,36.06,37.01,34.52,35.81,35.23,36.35,41.22,60,48,0.05,43
Greece,GRC,ECS,All,High income,HIC,2016,GRC_2016_I2D2_EUROSILC.dta,I2D2,10651929.0,0.14,0.09,0.55,0.22,0.67,0.64,0.56,0.21,0.35,4688645.0,0.71,0.62,0.1,,0.52,0.74,0.26,0.46,0.54,0.69,0.22,0.03,0.06,0.25,,,,,,0.11,0.15,0.74,0.0,0.1,0.0,0.05,0.28,0.08,0.1,0.11,0.18,0.89,0.91,0.68,0.02,0.05,0.14,0.9,0.09,0.74,0.77,0.02,0.19,0.08,0.11,0.25,0.11,0.08,0.06,0.08,0.02,42.41,0.18,0.24,4.87,850.0,500.0,811.67,875.0,0.05,0.07,9.11,11.78,0.87,,0.01,0.15,0.45,0.4,10.55,,43.97,42.96,48.24,43.23,42.21,41.58,46.28,46.38,53,39,0.05,36
Guatemala,GTM,LCN,All,Upper middle income,UMC,2019,gtm_2019_i2d2_enei.dta,i2d2,17911214.0,0.3,0.21,0.42,0.07,0.5,0.63,0.59,0.48,0.11,6993425.0,0.62,0.41,0.27,,0.61,0.98,0.02,0.97,0.03,0.67,0.22,0.09,0.02,0.31,,,,,0.07,,,,,,,,,,,,,,,0.0,0.0,0.0,0.0,,,,,,,,,,,,,,,,,,12.56,,,,,0.09,0.02,,,,,0.16,0.36,0.41,0.07,6.56,0.8,28.71,34.72,,,,33.35,37.05,42.58,105,85,0.13,84
Guinea,GIN,SSF,All,Low income,LIC,2018,gin_2018_i2d2_ehcvm_v01_m_v02_a.dta,i2d2,12047404.0,0.47,0.16,0.34,0.04,0.35,0.5,1.01,0.94,0.07,2451938.0,0.73,0.68,0.14,,0.71,0.97,0.03,0.96,0.04,0.18,0.61,0.21,0.01,0.82,,,,,0.03,,,,,,,,,,,,,,,0.0,0.0,0.0,0.0,,,,,,,,,,,,,,,,,,,,,,,,,,,,,0.52,0.16,0.24,0.08,9.56,0.69,21.87,34.54,,,,37.37,33.92,35.59,109,87,0.15,88
Guinea-Bissau,GNB,SSF,All,Low income,LIC,2018,gnb_2018_i2d2_ehcvm_v01_m_v02_a.dta,i2d2,1682575.0,0.37,0.18,0.32,0.13,0.43,0.5,1.0,0.75,0.26,667818.0,0.91,0.95,0.03,,0.9,0.99,0.01,1.0,0.0,0.25,0.51,0.24,0.01,0.74,,,,,0.02,,,,,,,,,,,,,,,0.0,0.0,0.0,0.0,,,,,,,,,,,,,,,,,,,,,,,,,,,,,0.34,0.4,0.21,0.05,7.45,0.79,30.09,32.04,,,,34.86,33.82,38.55,105,85,0.14,87
Guyana,GUY,LCN,All,Upper middle income,UMC,1999,GUY_1999_I2D2_SLC.dta,I2D2,8324.0,0.36,0.2,0.4,0.03,0.31,0.6,0.66,0.61,0.06,3003.0,0.6,0.42,0.34,,0.54,0.91,0.09,0.79,0.21,0.54,0.46,0.0,0.0,0.46,,,,,,0.35,0.35,0.3,0.06,0.01,0.09,0.19,0.1,0.1,0.05,0.05,0.0,0.74,0.68,0.33,0.0,0.0,0.26,0.45,0.52,0.42,0.76,0.06,0.03,0.07,0.06,0.11,0.19,0.15,0.07,0.26,0.0,,,,,,,,,,,,,,,0.08,0.57,0.28,0.07,,0.87,24.69,35.26,35.66,34.67,35.4,35.62,35.69,,33,11,0.05,41
Haiti,HTI,LCN,All,Low income,LIC,2012,hti_2012_i2d2_ecvmas_gmd.dta,i2d2,10805830.0,0.36,0.22,0.38,0.05,0.48,0.59,0.68,0.6,0.08,4203806.0,0.66,0.6,0.14,0.1,0.44,0.68,0.32,0.47,0.53,0.34,0.37,0.0,0.29,0.37,0.89,0.06,,0.24,0.0,0.37,0.09,0.54,0.0,0.02,0.0,0.06,0.3,0.04,0.01,0.08,0.11,0.81,0.61,0.3,0.0,0.08,0.27,0.62,0.07,0.89,0.39,,,,,,,,,,,42.24,0.34,0.34,32.48,5927.36,2829.12,6466.21,5715.27,,,,,0.78,,0.23,0.44,0.33,0.0,5.78,0.9,25.4,38.61,41.34,34.36,37.47,35.06,39.24,44.09,56,44,0.05,45
Honduras,HND,LCN,All,Lower middle income,LMC,2019,hnd_2019_i2d2_ephpm_v01_m_v02_a.dta,i2d2,9155234.0,0.3,0.21,0.42,0.08,0.55,0.63,0.6,0.47,0.12,3800988.0,0.66,0.48,0.23,,0.62,0.94,0.06,0.89,0.11,0.52,0.28,0.1,0.1,0.39,,,,,0.07,,,,,,,,,,,,,,,0.0,0.0,0.0,0.0,,,,,,,,,,,,,,,,,,,,,,,,,,,,,0.07,0.45,0.36,0.12,7.21,0.83,29.26,35.87,,,,33.54,37.42,42.26,100,82,0.13,84
Hungary,HUN,ECS,All,High income,HIC,2016,HUN_2016_I2D2_EUROSILC.dta,I2D2,9669282.0,0.14,0.11,0.57,0.18,0.53,0.68,0.47,0.2,0.27,4616944.0,0.72,0.65,0.07,,0.65,0.9,0.1,0.72,0.28,0.89,0.07,0.0,0.04,0.07,,,,,,0.06,0.3,0.63,0.0,0.23,0.0,0.07,0.15,0.08,0.1,0.12,0.19,0.96,0.94,0.85,0.0,0.03,0.04,0.94,0.58,0.94,0.9,0.03,0.17,0.13,0.07,0.14,0.05,0.15,0.13,0.11,0.01,40.07,0.07,0.06,2.02,350.54,275.62,354.84,354.84,0.02,0.0,3.32,0.02,0.85,,0.0,0.01,0.67,0.31,12.11,,42.64,43.27,45.52,43.18,43.27,42.89,47.57,47.54,61,49,0.05,45
Iceland,ISL,ECS,All,High income,HIC,2015,ISL_2015_I2D2_EUROSILC.dta,I2D2,316430.0,0.2,0.14,0.52,0.15,0.85,0.66,0.52,0.3,0.22,147693.0,0.74,0.69,0.05,,0.71,0.96,0.04,0.93,0.07,0.88,0.07,0.0,0.04,0.07,,,,,,,,,,,,,,,,,,,,0.0,0.0,0.0,0.0,,,,,,,,,,,,,,,41.94,0.16,0.23,15.4,2754.29,,,,0.14,0.0,24.4,0.17,0.75,,0.0,0.01,0.48,0.51,12.18,,37.74,43.1,,,,42.6,46.73,47.99,120,90,0.14,86
India,IND,SAS,All,Lower middle income,LMC,2019,ind_2019_plfs_v01_m_v03_a_gld_all.dta,plfs,1117909975.0,0.25,0.19,0.5,0.06,0.3,0.68,0.46,0.37,0.09,406892886.0,0.53,0.28,0.26,1.12,0.49,0.92,0.08,0.76,0.24,0.47,0.34,0.17,0.02,0.51,,,,,,0.43,0.24,0.33,0.0,0.12,0.01,0.11,0.13,0.06,0.03,0.02,0.09,0.44,0.64,0.36,0.05,0.01,0.15,0.56,0.25,0.72,0.56,0.09,0.04,0.04,0.02,0.09,0.32,0.11,0.06,0.22,0.0,49.51,0.15,0.61,37.5,8000.0,5214.0,9000.0,10000.0,0.24,0.02,53.94,3.53,0.57,,0.26,0.06,0.37,0.31,,0.93,30.57,38.68,40.69,36.35,37.76,37.04,39.98,44.01,58,46,0.05,40
Indonesia,IDN,EAS,All,Lower middle income,LMC,2019,idn_2019_sakernas_v02_m_v06_a_gld_all.dta,saker,201185014.0,0.0,0.22,0.69,0.09,0.56,0.91,0.1,0.0,0.1,127950630.0,0.7,0.54,0.15,1.17,0.67,0.96,0.04,0.86,0.14,0.51,0.33,0.12,0.03,0.45,0.63,0.71,0.38,1.0,0.08,0.26,0.24,0.5,0.01,0.15,0.01,0.07,0.26,0.05,0.03,0.04,0.12,0.76,0.81,0.45,0.05,0.03,0.22,0.76,0.26,0.74,0.54,0.03,0.06,0.03,0.05,0.25,0.2,0.11,0.07,0.19,0.0,39.89,0.33,0.25,11507.48,2080000.0,1235000.0,2300000.0,2300000.0,80.2,0.02,14495.66,3.72,0.7,1.5,0.02,0.11,0.51,0.35,,0.91,39.71,38.91,42.42,37.48,37.78,36.25,41.62,43.18,58,46,0.05,39
"Iran, Islamic Rep.",IRN,MEA,All,Upper middle income,UMC,2019,irn_2019_i2d2_heis_v01_m_v01_a.dta,i2d2,86962177.0,0.22,0.13,0.55,0.09,0.75,0.69,0.46,0.32,0.13,27084896.0,0.45,0.15,0.22,,0.38,0.84,0.16,0.57,0.43,0.62,0.3,0.04,0.03,0.34,,,,,0.14,,,,,,,,,,,,,,,0.0,0.0,0.0,0.0,,,,,,,,,,,,,,,,,,,,,,,,,,,,,0.09,0.2,0.25,0.46,10.21,0.97,34.18,39.43,,,,37.8,41.8,45.13,99,81,0.14,87
Iraq,IRQ,MEA,All,Upper middle income,UMC,2012,IRQ_2012_I2D2_HSES.dta,I2D2,34205038.0,0.41,0.2,0.35,0.03,0.68,0.56,0.8,0.74,0.06,8652759.0,0.45,0.15,0.59,,0.24,0.53,0.47,0.36,0.64,0.74,0.0,0.26,0.0,0.26,0.53,,0.07,0.47,0.72,0.04,0.33,0.63,0.04,0.06,0.18,0.04,0.05,0.03,0.46,0.08,0.0,0.96,0.93,0.7,0.0,0.0,0.0,0.93,1.0,1.0,1.0,0.09,0.07,0.24,0.02,0.21,0.02,0.08,0.09,0.18,0.0,43.95,0.28,0.32,3.49,645.0,434.5,500.0,750.0,0.03,0.0,6.13,0.01,0.95,1.73,0.33,0.34,0.16,0.17,6.93,0.09,23.14,36.46,33.91,34.91,37.11,36.25,37.36,,71,64,0.07,64
Ireland,IRL,ECS,All,High income,HIC,2016,IRL_2016_I2D2_EUROSILC.dta,I2D2,4683666.0,0.21,0.14,0.51,0.14,0.68,0.65,0.55,0.33,0.21,2010209.0,0.7,0.62,0.05,,0.61,0.88,0.12,0.78,0.22,0.87,0.09,0.01,0.04,0.09,,,,,,0.04,0.17,0.79,0.0,0.12,0.0,0.05,0.21,0.09,0.15,0.08,0.25,0.99,0.98,0.85,0.01,0.04,0.06,0.98,0.33,0.85,0.9,0.07,0.2,0.12,0.1,0.13,0.09,0.08,0.07,0.13,0.0,35.19,0.32,0.09,13.8,2043.62,1698.74,2276.68,2011.13,0.14,0.14,20.01,20.86,0.76,,0.0,0.08,0.39,0.53,12.27,0.99,37.2,41.74,48.09,41.68,41.44,40.88,47.38,47.48,53,39,0.05,36
Italy,ITA,ECS,All,High income,HIC,2016,ITA_2016_I2D2_EUROSILC.dta,I2D2,60500229.0,0.13,0.1,0.54,0.23,0.76,0.64,0.56,0.2,0.36,26893926.0,0.72,0.61,0.2,,0.59,0.82,0.18,0.46,0.54,0.78,0.15,0.01,0.06,0.17,,,,,,0.04,0.27,0.68,0.0,0.2,0.0,0.07,0.2,0.07,0.14,0.06,0.22,0.97,0.96,0.75,0.01,0.05,0.14,0.95,0.56,0.82,0.77,0.04,0.15,0.17,0.12,0.17,0.02,0.15,0.06,0.11,0.01,38.77,0.22,0.11,9.24,1506.75,688.5,1578.33,1496.33,0.09,0.11,14.85,18.12,0.82,,0.01,0.04,0.75,0.19,10.38,,44.69,44.3,45.24,43.46,44.58,43.98,44.9,46.97,60,48,0.05,44
Jamaica,JAM,LCN,All,Upper middle income,UMC,2002,JAM_2002_I2D2_JSLC.dta,I2D2,23358.0,0.33,0.18,0.4,0.09,0.44,0.57,0.74,0.58,0.16,9154.0,0.72,0.64,0.22,,0.61,0.85,0.15,0.69,0.31,0.61,0.35,0.01,0.03,0.37,,,,,0.13,0.21,0.17,0.62,0.01,0.07,0.01,0.09,0.21,0.07,0.05,0.21,0.08,0.9,0.86,0.57,0.01,0.02,0.19,0.84,0.16,0.83,0.7,0.05,0.06,0.05,0.08,0.17,0.19,0.15,0.07,0.19,0.0,39.8,0.09,0.16,89.29,16115.73,10743.82,17515.78,16115.73,2.47,0.04,445.24,7.08,0.8,1.99,0.01,0.13,0.78,0.08,9.21,0.93,28.91,37.31,41.52,35.03,36.48,35.27,40.38,41.93,48,32,0.04,29
Jordan,JOR,MEA,All,Upper middle income,UMC,2016,JOR_2016_I2D2_LMPS.dta,I2D2,8567769.0,0.35,0.2,0.4,0.05,0.88,0.6,0.67,0.59,0.08,1857258.0,0.36,0.15,0.31,1.0,0.29,0.79,0.21,0.57,0.43,0.85,0.1,0.01,0.05,0.1,0.46,0.49,0.52,,0.43,0.04,0.21,0.75,0.01,0.12,0.01,0.08,0.17,0.09,0.04,0.39,0.06,0.99,0.96,0.8,0.0,0.05,0.09,0.95,0.83,0.79,0.86,0.01,0.22,0.06,0.06,0.28,0.03,0.18,0.09,0.07,0.0,46.78,0.16,0.35,1.92,350.0,270.0,350.0,350.0,0.02,0.05,3.16,9.71,1.0,1.33,0.06,0.35,0.29,0.29,10.31,0.93,25.81,35.42,36.79,35.39,35.32,34.42,39.56,43.72,44,27,0.04,26
Kazakhstan,KAZ,ECS,All,Upper middle income,UMC,2018,kaz_2018_i2d2_hbs_v01_m_v01_a.dta,i2d2,72629348.0,0.27,0.12,0.53,0.08,,0.65,0.54,0.41,0.13,46533857.0,1.0,1.0,0.0,,0.72,0.72,0.28,0.29,0.71,0.85,0.11,0.03,0.0,0.15,,,,,,,,,,,,,,,,,,,,0.0,0.0,0.0,0.0,,,,,,,,,,,,,,,,,,,,,,,,,,,,,0.0,0.03,0.68,0.29,,,33.24,40.78,,,,40.88,41.21,47.12,131,95,0.19,93
Kenya,KEN,SSF,All,Lower middle income,LMC,2019,ken_2019_i2d2_kchsp.dta,i2d2,47105234.0,0.38,0.2,0.37,0.05,0.31,0.57,0.76,0.67,0.09,18616620.0,0.7,0.65,0.15,,0.66,0.95,0.05,0.87,0.13,0.52,0.45,0.0,0.02,0.46,,,,,0.05,,,,,,,,,,,,,,,0.0,0.0,0.0,0.0,,,,,,,,,,,,,,,,,,,,,,,,,,,,,0.09,0.91,0.0,0.0,11.77,0.99,24.96,36.76,,,,35.99,39.58,42.19,98,81,0.13,83
Kiribati,KIR,EAS,All,Lower middle income,LMC,2006,KIR_2006_I2D2_HIES.dta,I2D2,90701.0,0.38,0.19,0.4,0.04,0.45,0.58,0.71,0.65,0.06,41153.0,0.78,0.73,0.33,,0.39,0.5,0.5,0.34,0.66,0.61,0.11,0.29,0.0,0.39,,,,,,0.03,0.05,0.92,0.0,0.01,0.02,0.02,0.11,0.1,0.02,0.52,0.17,1.0,0.96,0.43,0.0,0.0,0.01,0.96,0.97,0.97,0.97,0.08,0.23,0.14,0.11,0.2,0.02,0.07,0.1,0.06,0.0,34.59,0.34,0.17,,,,,,,,,,,,0.11,0.36,0.49,0.05,8.23,,25.1,36.23,39.12,33.04,36.67,35.81,36.87,,58,46,0.09,72
"Korea, Rep.",KOR,EAS,All,High income,HIC,2017,KOR_2017_I2D2_ASEA.dta,I2D2,43967377.0,0.0,0.13,0.7,0.16,0.82,0.84,0.19,0.0,0.19,25570844.0,0.69,0.59,0.12,,0.67,0.96,0.04,0.91,0.09,0.76,0.14,0.04,0.06,0.17,0.24,,0.99,0.8,,0.03,0.26,0.71,0.0,0.18,0.01,0.08,0.15,0.17,0.05,0.18,0.15,0.97,0.99,0.76,0.03,0.06,0.12,0.99,0.12,0.86,0.76,0.01,0.22,0.19,0.11,0.12,0.03,0.09,0.12,0.11,0.0,40.98,0.3,0.24,12392.67,2100000.0,1500000.0,2500000.0,2000000.0,114.03,0.13,19323.57,21.19,0.65,,0.0,0.03,0.45,0.52,12.96,1.0,46.13,43.12,53.15,43.95,42.38,41.35,49.25,47.79,38,18,0.03,15
Kosovo,XKX,ECS,All,Lower middle income,LMC,2017,xkx_2017_i2d2_lfs.dta,i2d2,1541165.0,0.22,0.2,0.49,0.09,0.39,0.69,0.45,0.32,0.14,667323.0,0.63,0.49,0.02,,0.35,0.56,0.44,0.4,0.6,0.71,0.23,0.04,0.01,0.27,,,,,,0.08,0.33,0.59,0.02,0.1,0.04,0.17,0.16,0.04,0.02,0.05,0.33,0.96,0.92,0.7,0.04,0.01,0.17,0.9,0.21,0.76,0.75,0.05,0.15,0.05,0.08,0.18,0.03,0.23,0.06,0.16,0.0,,,,,,,,,,,,,,,0.01,0.03,0.74,0.23,10.98,0.69,33.28,40.33,43.19,38.81,40.81,40.0,40.83,47.06,28,6,0.03,13
Kyrgyz Republic,KGZ,ECS,All,Lower middle income,LMC,2020,kgz_2020_kihs_v02_m_v01_a_gmd.dta,kihs,6612986.0,0.34,0.13,0.46,0.07,0.36,0.59,0.7,0.58,0.12,2395153.0,0.62,0.5,0.17,,0.59,0.94,0.06,0.86,0.14,0.59,0.2,0.08,0.12,0.28,0.61,0.66,,0.5,0.22,0.21,0.24,0.55,0.01,0.12,0.02,0.1,0.15,0.1,0.04,0.05,0.22,0.78,0.65,0.58,0.0,0.03,0.18,0.61,0.07,0.85,0.68,0.03,0.13,0.06,0.02,0.19,0.2,0.15,0.11,0.11,0.0,37.61,0.23,0.08,,,,,,,,,,,,0.0,0.0,0.13,0.86,,1.0,30.1,40.67,40.01,39.3,41.52,40.33,39.66,44.74,54,40,0.05,44
Lao PDR,LAO,EAS,All,Lower middle income,LMC,2018,lao_2018_i2d2_ecs.dta,i2d2,6036320.0,0.3,0.18,0.47,0.05,0.33,0.65,0.55,0.47,0.08,2689197.0,0.69,0.64,0.19,,0.67,0.96,0.04,0.93,0.07,0.19,0.22,0.57,0.02,0.79,,,,,,,,,,,,,,,,,,,,0.0,0.0,0.0,0.0,,,,,,,,,,,,,,,,,,,,,,,,,,,,,0.17,0.5,0.27,0.05,6.19,0.9,28.59,36.21,,,,36.49,36.61,38.03,98,81,0.14,86
Latvia,LVA,ECS,All,High income,HIC,2016,LVA_2016_I2D2_EUROSILC.dta,I2D2,1942760.0,0.14,0.1,0.55,0.21,0.62,0.65,0.54,0.22,0.32,966094.0,0.79,0.75,0.07,,0.7,0.89,0.11,0.83,0.17,0.89,0.07,0.0,0.03,0.07,,,,,,0.07,0.23,0.7,0.0,0.15,0.0,0.08,0.18,0.12,0.11,0.08,0.2,0.96,0.97,0.85,0.0,0.03,0.05,0.97,0.59,0.91,0.92,0.08,0.19,0.15,0.05,0.15,0.03,0.13,0.09,0.12,0.01,39.3,0.09,0.04,3.12,538.97,400.0,541.67,547.64,0.03,0.05,5.29,9.16,0.78,,0.01,0.01,0.56,0.43,12.57,,42.85,42.51,45.37,42.83,42.47,42.46,45.41,45.04,50,34,0.04,31
Lebanon,LBN,MEA,All,Upper middle income,UMC,2011,lbn_2011_hbs_v01_m_v03_a_gmd.dta,hbs,3779661.0,0.21,0.19,0.48,0.11,,0.67,0.49,0.32,0.17,1386622.0,0.54,0.33,0.12,,0.49,0.9,0.1,0.82,0.18,0.73,0.18,0.02,0.07,0.2,0.49,,0.51,,0.14,0.04,0.23,0.73,0.0,0.14,0.01,0.08,0.18,0.06,0.26,0.1,0.14,0.97,0.97,0.71,0.01,0.07,0.17,0.97,0.38,0.59,0.79,0.08,0.11,0.09,0.08,0.16,0.02,0.17,0.07,0.18,0.04,49.43,0.18,0.48,3.95,800.0,450.0,700.0,900.0,0.04,0.0,8.0,0.01,0.94,1.33,0.14,0.18,0.56,0.12,8.3,0.95,34.12,36.84,42.06,37.49,36.35,34.24,42.97,45.85,36,15,0.05,42
Lesotho,LSO,SSF,All,Lower middle income,LMC,2018,LSO_2017_I2D2_CMSHBS.dta,I2D2,2006756.0,0.33,0.19,0.4,0.07,0.34,0.6,0.67,0.56,0.12,674904.0,0.63,0.55,0.24,0.04,0.54,0.85,0.15,0.72,0.28,0.75,0.25,0.0,0.0,0.25,0.64,0.35,0.06,0.14,0.13,0.21,0.3,0.49,0.05,0.15,0.0,0.09,0.14,0.04,0.05,0.06,0.21,0.88,0.57,0.62,0.0,0.0,0.16,0.53,0.59,0.83,0.77,0.02,0.06,0.04,0.02,0.13,0.09,0.17,0.1,0.36,0.01,47.64,0.16,0.43,8.18,1600.0,651.75,1800.0,1800.0,0.06,0.02,12.05,3.07,0.75,3.84,0.07,0.45,0.4,0.08,7.35,0.94,27.46,36.87,34.18,37.98,37.38,36.06,39.29,,42,23,0.04,28
Liberia,LBR,SSF,All,Low income,LIC,2016,LBR_2016_I2D2_HIES.dta,I2D2,4275969.0,0.44,0.18,0.35,0.03,0.57,0.53,0.89,0.84,0.05,1755003.0,0.78,0.73,0.12,1.0,0.75,0.97,0.03,0.98,0.02,0.21,0.68,0.1,0.02,0.78,0.88,0.41,0.22,,1.0,0.2,0.21,0.59,0.06,0.03,0.01,0.11,0.07,0.09,0.01,0.03,0.39,0.77,0.73,0.17,0.0,0.0,0.02,0.69,0.68,0.78,0.89,0.03,0.15,0.08,0.03,0.19,0.03,0.11,0.11,0.25,0.0,41.63,0.3,0.27,0.65,150.0,0.0,2500.0,2500.0,0.33,0.55,54.03,90.32,,,0.33,0.22,0.39,0.06,5.63,0.49,21.95,34.02,37.11,36.37,38.33,37.97,32.87,38.49,113,88,0.11,80
Lithuania,LTU,ECS,All,High income,HIC,2016,LTU_2016_I2D2_EUROSILC.dta,I2D2,2888558.0,0.14,0.12,0.54,0.2,0.45,0.66,0.51,0.21,0.3,1420621.0,0.76,0.73,0.07,,0.68,0.89,0.11,0.74,0.26,0.89,0.08,0.02,0.02,0.09,,,,,,0.08,0.26,0.66,0.0,0.19,0.0,0.07,0.2,0.1,0.1,0.07,0.2,0.95,0.88,0.84,0.0,0.02,0.05,0.88,0.49,0.93,0.92,0.09,0.25,0.08,0.04,0.12,0.05,0.14,0.11,0.12,0.0,38.68,0.11,0.03,2.73,468.14,300.0,468.94,480.0,0.03,0.05,4.54,8.78,0.86,,0.0,0.03,0.37,0.6,12.67,,42.63,42.96,45.51,42.36,43.0,42.62,46.61,44.64,53,39,0.05,37
Luxembourg,LUX,ECS,All,High income,HIC,2016,LUX_2016_I2D2_EUROSILC.dta,I2D2,575994.0,0.16,0.13,0.57,0.14,0.52,0.7,0.43,0.23,0.19,264843.0,0.68,0.62,0.03,,0.63,0.92,0.08,0.79,0.21,0.94,0.03,0.0,0.03,0.03,,,,,,0.01,0.13,0.85,0.0,0.05,0.0,0.08,0.14,0.09,0.24,0.2,0.19,0.99,0.98,0.94,0.0,0.02,0.02,0.98,0.27,0.98,0.95,0.05,0.2,0.23,0.11,0.11,0.02,0.09,0.06,0.13,0.01,40.31,0.17,0.17,14.59,2476.95,1890.0,2201.88,2552.48,0.14,0.14,23.77,24.53,0.73,,0.02,0.17,0.44,0.37,11.21,,38.74,40.98,42.08,42.38,40.75,40.71,45.38,45.1,67,59,0.06,49
Madagascar,MDG,SSF,All,Low income,LIC,2012,MDG_2012_I2D2_ENSOMD.dta,I2D2,21268010.0,0.47,0.17,0.33,0.03,0.17,0.51,0.97,0.92,0.06,9164120.0,0.88,0.87,0.06,1.17,0.87,0.98,0.02,0.97,0.03,0.15,0.49,0.35,0.01,0.84,0.94,,0.05,0.29,0.03,0.7,0.08,0.22,0.01,0.05,0.0,0.02,0.09,0.02,0.01,0.04,0.06,0.3,0.25,0.13,0.05,0.0,0.12,0.11,0.02,0.46,0.42,0.01,0.03,0.01,0.01,0.07,0.7,0.08,0.02,0.07,0.0,38.95,0.35,0.19,0.67,120.0,50.0,130.35,150.0,0.01,0.0,1.14,0.0,0.67,2.5,0.24,0.4,0.32,0.04,4.58,0.83,21.95,34.29,34.05,35.56,34.72,35.78,33.98,40.12,58,46,0.05,42
Malawi,MWI,SSF,All,Low income,LIC,2019,mwi_2019_ihs-v_v01_m_v01_a_gmd.dta,ihs-v,18134103.0,0.44,0.2,0.31,0.04,0.16,0.51,0.95,0.86,0.08,7161296.0,0.77,0.74,0.15,,0.76,0.99,0.01,0.99,0.01,0.13,0.18,0.69,0.0,0.87,,,,,,,,,,,,,,,,,,,,0.0,0.0,0.0,0.0,,,,,,,,,,,,,,,,,,,,,,,,,,,,,0.0,0.68,0.24,0.08,,0.94,22.34,32.59,,,,36.12,32.92,,119,90,0.17,91
Maldives,MDV,SAS,All,Upper middle income,UMC,2019,mdv_2019_hies_v01_m_v02_a_gmd.dta,hies,447341.0,0.29,0.14,0.51,0.06,0.48,0.65,0.54,0.45,0.09,185756.0,0.64,0.48,0.22,0.99,0.61,0.95,0.05,0.84,0.16,0.77,0.2,0.0,0.03,0.2,0.31,0.85,0.26,0.71,0.47,0.11,0.22,0.67,0.0,0.15,0.02,0.05,0.17,0.17,0.02,0.25,0.05,0.97,0.93,0.44,0.0,0.02,0.12,0.92,0.37,0.34,0.89,0.09,0.16,0.19,0.09,0.14,0.06,0.12,0.04,0.1,0.0,39.97,0.25,0.21,69.04,12000.0,10000.0,12000.0,13000.0,0.56,0.06,97.78,11.1,0.78,1.3,,,,,8.86,0.94,29.33,36.66,42.58,41.35,35.43,34.99,42.03,43.02,71,64,0.06,54
Mali,MLI,SSF,All,Low income,LIC,2018,mli_2018_i2d2_ehcvm.dta,i2d2,19695500.0,0.56,0.11,0.29,0.03,0.26,0.41,1.47,1.39,0.08,5905641.0,0.91,0.93,0.05,,0.9,0.99,0.01,0.99,0.01,0.2,0.59,0.2,0.01,0.79,,,,,0.01,,,,,,,,,,,,,,,0.0,0.0,0.0,0.0,,,,,,,,,,,,,,,,,,,,,,,,,,,,,0.58,0.17,0.2,0.05,3.4,0.63,18.62,34.05,,,,34.88,36.14,39.29,71,64,0.09,72
Malta,MLT,MEA,All,High income,HIC,2016,MLT_2016_I2D2_EUROSILC.dta,I2D2,424831.0,0.14,0.12,0.56,0.19,1.0,0.68,0.48,0.2,0.28,190058.0,0.68,0.55,0.05,,0.65,0.96,0.04,0.92,0.08,0.9,0.07,0.0,0.03,0.07,,,,,,0.01,0.2,0.79,0.0,0.15,0.0,0.05,0.21,0.09,0.15,0.12,0.23,1.0,1.0,0.89,0.0,0.03,0.07,1.0,0.51,0.87,0.91,0.0,0.0,0.0,0.0,0.0,0.0,0.0,0.0,0.0,1.0,39.62,0.14,0.08,8.74,1487.0,1066.46,1416.67,1500.0,0.08,0.13,14.19,22.2,0.87,,0.0,0.08,0.62,0.29,10.16,,41.69,39.78,44.98,40.08,39.72,39.14,45.01,46.66,51,35,0.05,36
Marshall Islands,MHL,EAS,All,Upper middle income,UMC,2019,mhl_2019_hies_v01_m_v01_a_gmd.dta,hies,54388.0,0.29,0.15,0.52,0.05,0.75,0.66,0.51,0.43,0.07,16489.0,0.46,,0.39,,0.41,0.89,0.11,0.63,0.37,0.9,0.08,0.02,0.01,0.09,,,,,,0.06,0.16,0.78,0.0,0.03,0.06,0.08,0.16,0.08,0.02,0.15,0.37,,0.97,0.87,0.02,0.0,0.06,0.96,0.53,0.96,0.91,,,,,,,,,,,,,,,,,,,,,,,,,0.01,0.05,0.73,0.21,,0.95,30.55,41.46,37.41,40.87,41.77,41.47,41.12,36.23,89,75,0.14,87
Mauritania,MRT,SSF,All,Lower middle income,LMC,2014,MRT_2014_I2D2_EPCV.dta,I2D2,3350589.0,0.45,0.17,0.34,0.04,0.48,0.51,0.97,0.89,0.08,637426.0,0.37,0.2,0.46,1.05,0.32,0.87,0.13,0.67,0.33,0.36,0.55,0.07,0.02,0.62,,,,,0.21,0.2,0.11,0.69,0.01,0.03,0.06,0.0,0.23,0.04,0.11,0.13,0.19,0.93,0.79,0.31,0.05,0.02,0.42,0.57,0.21,0.42,0.39,0.05,0.0,0.22,0.06,0.28,0.21,0.01,0.0,0.16,0.03,49.2,0.19,0.46,0.29,60.0,45.0,60.0,60.0,0.0,0.0,0.53,0.05,0.5,1.67,0.27,0.5,0.21,0.03,3.69,0.57,22.78,38.05,39.33,37.84,37.71,37.37,38.63,42.79,106,86,0.11,79
Mauritius,MUS,SSF,All,Upper middle income,UMC,2017,mus_2017_i2d2_hbs_v01_m_v02_a.dta,i2d2,1294533.0,0.18,0.16,0.55,0.12,1.0,0.7,0.42,0.25,0.17,583770.0,0.64,0.48,0.23,,0.59,0.92,0.08,0.7,0.3,0.83,0.15,0.0,0.01,0.16,,,,,0.16,,,,,,,,,,,,,,,0.0,0.0,0.0,0.0,,,,,,,,,,,,,,,,,,,,,,,,,,,,,0.02,0.28,0.57,0.14,11.83,0.97,37.16,40.17,,,,39.41,43.62,47.19,93,77,0.12,82
Mexico,MEX,LCN,All,Upper middle income,UMC,2020,mex_2020_enoe_v01_m_v06_a_gld_all.dta,enoe,125877636.0,0.24,0.17,0.49,0.09,0.77,0.66,0.51,0.37,0.14,54042392.0,0.65,0.49,0.15,1.06,0.62,0.96,0.04,0.93,0.07,0.71,0.2,0.04,0.05,0.24,0.59,0.55,0.15,0.33,0.14,0.11,0.29,0.6,0.0,0.2,0.01,0.08,0.28,0.05,0.07,0.05,0.15,0.97,0.87,0.63,0.02,0.04,0.17,0.85,0.52,0.75,0.72,0.03,0.1,0.07,0.07,0.22,0.06,0.13,0.1,0.21,0.0,42.88,0.24,0.28,31.49,6020.0,4300.0,6450.0,6400.0,0.22,0.02,42.54,4.76,0.87,1.44,0.04,0.07,0.68,0.21,9.59,0.94,32.9,38.2,38.79,37.43,38.45,36.55,41.79,45.11,43,25,0.04,19
"Micronesia, Fed. Sts.",FSM,EAS,All,Lower middle income,LMC,2013,FSM_2013_I2D2_HIES.dta,I2D2,103395.0,0.31,0.17,0.42,0.1,1.0,0.59,0.7,0.53,0.17,31267.0,0.51,0.38,0.43,,0.46,0.9,0.1,0.81,0.19,0.49,0.03,0.45,0.03,0.48,,,,,,0.39,0.2,0.41,0.02,0.02,0.03,0.13,0.04,0.01,0.01,0.0,0.34,0.77,0.51,0.48,0.08,0.03,0.02,0.45,0.03,0.72,0.81,0.05,0.12,0.06,0.05,0.15,0.36,0.05,0.03,0.13,0.0,30.9,0.47,0.02,2.69,447.17,520.0,346.67,520.0,0.03,0.03,4.18,4.19,0.87,,0.06,0.34,0.56,0.04,9.26,0.66,31.09,35.41,33.45,33.4,38.21,36.43,34.05,41.14,43,25,0.06,57
Moldova,MDA,ECS,All,Lower middle income,LMC,2021,mda_2021_hbs_v01_m_v01_a_gmd.dta,hbs,2597107.0,0.18,0.1,0.56,0.15,0.4,0.66,0.51,0.28,0.23,967962.0,0.61,0.56,0.11,,0.57,0.94,0.06,0.89,0.11,0.86,0.14,0.0,0.0,0.14,0.24,,0.89,,,0.14,0.28,0.59,0.0,0.12,0.03,0.13,0.16,0.07,0.05,0.07,0.25,0.9,0.91,0.74,0.0,0.0,0.13,0.9,0.9,0.69,0.93,0.07,0.16,0.08,0.03,0.14,0.04,0.2,0.1,0.18,0.0,39.4,0.13,0.03,,,,,,,,,,,,0.0,0.01,0.58,0.41,,0.97,40.5,44.07,45.39,43.68,43.95,44.32,42.55,43.81,74,66,0.07,65
Mongolia,MNG,EAS,All,Lower middle income,LMC,2021,mng_2021_i2d2_lfs.dta,i2d2,3155788.0,0.33,0.12,0.5,0.05,0.83,0.61,0.63,0.54,0.09,1186006.0,0.62,0.56,0.12,,0.57,0.91,0.09,0.82,0.18,0.68,0.26,0.0,0.06,0.27,,,,,0.24,,,,,,,,,,,,,,,0.0,0.0,0.0,0.0,,,,,,,,,,,,,,,,,,,,,,,,,,,,,0.03,0.03,0.62,0.32,12.34,0.94,29.71,39.21,,,,38.08,41.51,42.35,97,80,0.13,83
Montenegro,MNE,ECS,All,Upper middle income,UMC,2013,mne_2013_hbs_v01_m_v05_a_gmd.dta,hbs,589727.0,0.19,0.13,0.54,0.14,0.62,0.67,0.49,0.28,0.21,0.0,,,,,,,,,,,,,,,,,,,,,,,,,,,,,,,,,,,,,,,,,,,,,,,,,,,,,,,,,,,,,,,,,,,,,,,0.19,38.23,,,,,,,,40,21,0.18,91
Morocco,MAR,MEA,All,Lower middle income,LMC,2013,MAR_2013_I2D2_ECDM_V01_M_V03_A.dta,I2D2,33579281.0,0.28,0.18,0.48,0.06,0.6,0.66,0.52,0.42,0.1,12629371.0,0.57,0.35,0.19,,0.5,0.87,0.13,0.72,0.28,0.52,0.3,0.16,0.01,0.46,,,,,,0.32,0.27,0.41,0.0,0.15,0.0,0.12,0.13,0.05,0.04,0.09,0.1,0.52,0.57,0.45,0.02,0.01,0.2,0.5,0.23,0.7,0.63,,,,,,,,,,,,,,,,,,,,,,,,,0.33,0.26,0.32,0.09,6.14,0.89,30.2,38.27,37.64,36.31,40.08,37.41,39.03,44.15,83,72,0.09,72
Mozambique,MOZ,SSF,All,Low income,LIC,2014,MOZ_2014_I2D2_IOF.dta,I2D2,20733300.0,0.38,0.21,0.37,0.04,0.33,0.58,0.72,0.65,0.07,9585817.0,0.79,0.79,0.37,,0.76,0.96,0.04,0.93,0.07,0.17,0.6,0.22,0.02,0.81,0.95,,,0.05,0.04,0.71,0.05,0.24,0.01,0.04,0.0,0.0,0.1,0.01,0.0,0.02,0.11,0.19,0.26,0.14,0.01,0.01,0.12,0.14,0.03,0.35,0.53,0.0,0.02,0.02,0.01,0.09,0.04,0.0,0.09,0.73,0.0,36.69,0.47,0.24,,,,,,,,,,,,0.28,0.46,0.22,0.03,,,25.01,34.26,34.37,34.5,33.87,34.03,34.16,39.17,80,70,0.08,68
Myanmar,MMR,EAS,All,Lower middle income,LMC,2017,mmr_2017_mlcs_v01_m_v02_a_gmd.dta,mlcs,47400503.0,0.27,0.17,0.49,0.07,0.29,0.66,0.51,0.4,0.11,22693508.0,0.72,0.62,0.13,,0.71,0.98,0.02,0.95,0.05,0.39,0.35,0.23,0.03,0.58,,,,,,0.49,0.18,0.33,0.01,0.1,0.0,0.07,0.18,0.04,0.0,0.01,0.09,0.53,0.54,0.26,0.06,0.01,0.18,0.45,0.26,0.7,0.41,,,,,,,,,,,,,,,,,,,,,,,,,0.1,0.24,0.65,0.01,6.29,0.88,31.5,37.03,37.93,33.56,37.4,33.54,38.95,44.19,115,89,0.13,83
Namibia,NAM,SSF,All,Upper middle income,UMC,2015,NAM_2015_I2D2_NHIES_V01_M_V01_A.dta,I2D2,2098038.0,0.37,0.2,0.38,0.05,0.47,0.58,0.74,0.65,0.09,710170.0,0.59,0.54,0.21,1.16,0.48,0.81,0.19,0.65,0.35,0.86,0.11,0.02,0.01,0.13,0.54,0.59,,,0.21,0.14,0.22,0.64,0.03,0.07,0.02,0.11,0.1,0.11,0.04,0.18,0.22,0.92,0.85,0.74,0.0,0.0,0.0,0.85,1.0,1.0,1.0,0.06,0.1,0.07,0.1,0.12,0.03,0.12,0.05,0.32,0.03,47.44,0.15,0.39,15.34,3000.0,1200.0,3500.0,3500.0,0.12,0.02,24.44,4.66,0.85,4.51,0.1,0.22,0.55,0.13,8.64,0.97,25.1,36.05,35.75,34.96,36.01,35.74,38.04,42.43,76,67,0.07,60
Nauru,NRU,EAS,All,Upper middle income,UMC,2012,nru_2012_hies_v01_m_v04_a_gmd.dta,hies,11660.0,,,,,,,,,,0.0,,,,,,,,,,,,,,,,,,,,,,,,,,,,,,,,,,,,,,,,,,,,,,,,,,,,,,,,,,,,,,,,,,,,,,,,,,,,,,,,67,59,0.16,90
Nepal,NPL,SAS,All,Low income,LIC,2014,NPL_2014_I2D2_AHS.dta,I2D2,28813676.0,0.3,0.21,0.43,0.05,0.3,0.64,0.55,0.47,0.08,12906199.0,0.84,0.82,0.09,,0.82,0.97,0.03,0.96,0.04,0.21,0.3,0.48,0.02,0.77,,,,,0.05,0.68,0.12,0.19,0.01,0.06,0.0,0.05,0.07,0.02,0.02,0.05,0.03,0.2,0.27,0.17,0.05,0.02,0.08,0.17,0.06,0.66,0.44,0.02,0.03,0.02,0.01,0.06,0.63,0.09,0.02,0.11,0.0,41.74,0.28,0.35,40.0,9124.5,5431.25,10645.25,9124.5,0.32,0.01,70.55,2.74,0.62,1.43,0.32,0.26,0.38,0.04,5.43,0.87,27.33,35.23,35.39,34.7,35.0,34.72,35.28,39.04,66,57,0.06,51
Netherlands,NLD,ECS,All,High income,HIC,2016,NLD_2016_I2D2_EUROSILC.dta,I2D2,16724232.0,0.15,0.13,0.53,0.19,,0.66,0.52,0.23,0.29,7919933.0,0.75,0.7,0.1,,0.7,0.94,0.06,0.9,0.1,0.85,0.11,0.0,0.04,0.11,,,,,,0.02,0.14,0.84,0.0,0.1,0.0,0.04,0.16,0.09,0.2,0.08,0.31,0.99,0.98,0.44,0.0,0.02,0.06,0.98,0.46,0.89,0.85,0.07,0.29,0.17,0.1,0.16,0.02,0.08,0.04,0.05,0.02,33.6,0.44,0.06,19.11,2658.92,2076.58,3153.58,2662.92,0.18,0.21,25.23,28.71,0.63,,0.01,0.05,0.51,0.42,12.18,,41.52,42.91,41.9,44.23,42.3,42.39,46.13,47.38,76,67,0.07,60
Nicaragua,NIC,LCN,All,Lower middle income,LMC,2014,NIC_2014_I2D2_EMNV_V02_M_V01_A.dta,I2D2,6268022.0,0.31,0.21,0.42,0.06,0.58,0.63,0.58,0.49,0.09,2706909.0,0.69,0.52,0.21,0.12,0.65,0.94,0.06,0.89,0.11,0.56,0.29,0.1,0.05,0.39,0.77,,0.26,0.26,,0.3,0.18,0.52,0.01,0.12,0.01,0.05,0.25,0.04,0.03,0.03,0.16,0.91,0.6,0.43,0.03,0.02,0.21,0.52,0.42,0.71,0.58,0.02,0.05,0.07,0.03,0.17,0.11,0.11,0.06,0.36,0.0,42.54,0.26,0.26,26.77,5287.31,3768.04,5339.62,6062.79,0.22,0.02,43.42,4.69,1.04,,0.11,0.34,0.41,0.14,7.12,0.86,27.44,34.94,32.97,33.71,36.48,33.15,36.55,42.18,54,40,0.04,30
Niger,NER,SSF,All,Low income,LIC,2018,ner_2018_i2d2_ehcvm.dta,i2d2,21880692.0,0.38,0.1,0.19,0.33,,0.29,2.45,1.33,1.12,1904964.0,0.94,0.95,0.03,,0.93,1.0,0.0,0.99,0.01,0.19,0.48,0.25,0.07,0.74,,,,,0.01,,,,,,,,,,,,,,,0.0,0.0,0.0,0.0,,,,,,,,,,,,,,,,,,,,,,,,,,,,,0.55,0.22,0.2,0.03,5.96,0.59,43.21,31.51,,,,36.34,32.34,42.09,58,46,0.08,67
Nigeria,NGA,SSF,All,Lower middle income,LMC,2018,nga_2018_lss_v01_m_v02_a_gmd.dta,lss,206815767.0,0.43,0.18,0.35,0.05,0.35,0.52,0.91,0.81,0.09,81337596.0,0.75,0.69,0.19,,0.72,0.96,0.04,0.93,0.07,,,,,,0.89,0.62,0.19,0.44,0.33,0.08,0.15,0.77,0.01,0.05,0.02,0.07,0.05,0.07,0.03,0.41,0.21,0.93,0.85,,,,,,,,,0.14,0.27,0.14,0.01,0.09,0.01,0.05,0.09,0.2,0.0,44.7,0.17,0.34,,,,,,,,,,,,0.26,0.06,0.35,0.33,10.07,0.89,23.8,35.68,34.89,36.29,38.86,,,,117,89,0.15,88
North Macedonia,MKD,ECS,All,Upper middle income,UMC,2020,mkd_2020_i2d2_lfs.dta,i2d2,2075245.0,0.16,0.12,0.57,0.15,0.57,0.69,0.45,0.23,0.21,938417.0,0.65,0.54,0.09,,0.55,0.84,0.16,0.64,0.36,0.83,0.09,0.04,0.04,0.13,,,,,,,,,,,,,,,,,,,,0.0,0.0,0.0,0.0,,,,,,,,,,,,,,,,,,,,,,,,,,,,,0.01,0.29,0.5,0.2,11.15,0.98,39.31,41.41,,,,40.72,44.49,45.35,98,81,0.13,84
Norway,NOR,ECS,All,High income,HIC,2016,NOR_2016_I2D2_EUROSILC.dta,I2D2,5175127.0,0.17,0.13,0.52,0.19,0.73,0.64,0.55,0.26,0.29,2424012.0,0.76,0.72,0.69,,0.72,0.95,0.05,0.88,0.12,0.94,0.06,0.0,0.0,0.06,,,,,,0.02,0.22,0.76,0.0,0.13,0.0,0.09,0.14,0.1,0.13,0.09,0.31,0.99,0.96,0.55,0.0,0.0,0.03,0.96,0.56,0.95,0.95,0.11,0.29,0.18,0.06,0.17,0.02,0.1,0.05,0.02,0.0,37.98,0.17,0.09,26.58,4334.1,2810.63,4844.47,4228.18,0.24,0.02,39.29,4.02,0.77,,0.03,0.0,0.54,0.42,12.3,,40.72,43.02,43.03,42.86,42.54,42.77,46.74,,84,72,0.07,65
Pakistan,PAK,SAS,All,Lower middle income,LMC,2020,pak_2020_lfs_v01_m_v02_a_gld_all.dta,lfs,207976698.0,0.4,0.19,0.38,0.03,0.36,0.57,0.76,0.71,0.06,64012007.0,0.54,0.25,0.3,1.04,0.51,0.94,0.06,0.9,0.1,0.43,0.35,0.21,0.01,0.56,0.9,0.23,,,0.11,0.37,0.26,0.38,0.0,0.15,0.01,0.1,0.16,0.06,0.02,0.03,0.09,0.33,0.61,0.4,0.04,0.01,0.19,0.51,0.09,0.76,0.53,0.03,0.05,0.04,0.01,0.16,0.33,0.14,0.08,0.17,0.0,47.01,0.15,0.4,87.5,18249.0,12166.0,18000.0,21725.0,0.49,0.02,102.08,4.0,0.63,2.11,0.42,0.05,0.47,0.07,5.33,0.62,23.78,34.41,34.99,32.7,35.02,33.21,35.19,39.9,33,11,0.03,10
Palau,PLW,EAS,All,High income,HIC,2006,PLW_2006_I2D2_HIES.dta,I2D2,10300.0,0.25,0.1,0.56,0.08,,0.67,0.5,0.38,0.12,6050.0,0.88,0.85,0.45,,0.68,0.77,0.23,0.33,0.67,0.97,0.03,0.0,0.0,0.03,,,,,,,,,,,,,,,,,,,,0.0,0.0,0.0,0.0,,,,,,,,,,,,,,,,,,,,,,,,,,,,,0.04,0.08,0.66,0.23,,,34.28,41.02,,,,40.83,44.6,,96,79,0.18,92
Panama,PAN,LCN,All,High income,HIC,2021,pan_2021_eh_v01_m_v01_a_gmd.dta,eh0,4433447.0,0.27,0.16,0.45,0.12,0.7,0.62,0.62,0.44,0.19,1802552.0,0.66,0.53,0.12,,0.59,0.89,0.11,0.77,0.23,0.61,0.31,0.05,0.03,0.36,,,,,,0.14,0.17,0.68,0.0,0.07,0.01,0.09,0.24,0.09,0.1,0.22,0.03,0.91,0.74,0.57,0.01,0.02,0.25,0.65,0.3,0.55,0.69,,,,,,,,,,,,,,,,,,,,,,,,,0.02,0.05,0.54,0.38,10.71,0.97,33.7,40.34,38.55,40.04,40.79,40.12,40.28,45.86,125,91,0.14,86
Papua New Guinea,PNG,EAS,All,Lower middle income,LMC,2009,PNG_2009_I2D2_HIES.dta,I2D2,6984347.0,0.41,0.18,0.38,0.03,0.14,0.56,0.78,0.73,0.05,2314069.0,0.71,0.71,0.23,,0.69,0.98,0.02,0.98,0.02,0.08,0.89,0.03,0.0,0.92,,,,,0.49,0.5,0.02,0.48,0.0,0.01,0.0,0.01,0.17,0.01,0.02,0.21,0.07,0.51,0.48,0.07,0.03,0.0,0.41,0.12,0.01,0.64,0.11,0.01,0.03,0.01,0.01,0.01,0.03,0.01,0.01,0.88,0.0,24.19,0.7,0.11,3.75,671.3,358.46,723.44,679.99,0.04,0.02,7.43,3.48,1.1,1.26,0.02,0.65,0.22,0.12,7.41,0.87,23.31,33.28,33.01,33.99,33.6,32.49,33.35,,56,44,0.08,67
Paraguay,PRY,LCN,All,Upper middle income,UMC,2021,pry_2021_eph_v01_m_v01_a_gmd.dta,eph,7208721.0,0.28,0.19,0.46,0.07,0.63,0.65,0.54,0.44,0.11,3490094.0,0.75,0.63,0.13,,0.7,0.94,0.06,0.87,0.13,0.57,0.3,0.08,0.04,0.38,,,,,,,,,,,,,,,,,,,,0.0,0.0,0.0,0.0,,,,,,,,,,,,,,,,,,,,,,,,,,,,,0.02,0.16,0.57,0.25,9.69,0.96,29.7,36.68,,,,34.19,39.76,42.37,129,92,0.18,91
Peru,PER,LCN,All,Upper middle income,UMC,2021,per_2021_enaho_v01_m_v01_a_gmd.dta,enaho,33397281.0,0.25,0.16,0.48,0.11,0.8,0.64,0.56,0.39,0.17,16787913.0,0.79,0.72,0.18,,0.75,0.95,0.05,0.9,0.1,0.46,0.36,0.15,0.03,0.51,,,,,,0.29,0.17,0.54,0.01,0.09,0.0,0.07,0.27,0.07,0.05,0.13,0.02,0.71,0.69,0.39,0.05,0.02,0.25,0.57,0.23,0.69,0.5,,,,,,,,,,,,,,,,,,,,,,,,,0.04,0.14,0.38,0.45,9.51,0.97,33.87,38.8,39.71,37.93,38.6,36.86,40.2,44.42,91,75,0.1,75
Philippines,PHL,EAS,All,Lower middle income,LMC,2019,phl_2019_lfs_v01_m_v04_a_gld_all.dta,lfs,108067302.0,0.31,0.19,0.45,0.05,0.45,0.64,0.56,0.48,0.08,42760410.0,0.64,0.5,0.14,,0.6,0.95,0.05,0.86,0.14,0.66,0.26,0.06,0.03,0.31,,,,,0.09,0.22,0.2,0.59,0.0,0.09,0.0,0.1,0.24,0.09,0.07,0.07,0.12,0.87,0.79,0.58,0.03,0.01,0.16,0.77,0.36,0.92,0.69,0.11,0.06,0.04,0.06,0.19,0.11,0.08,0.08,0.27,0.0,42.24,0.25,0.21,44.06,8603.1,5431.25,8690.0,8690.0,0.36,0.02,69.5,3.7,0.96,2.0,0.02,0.13,0.36,0.5,,0.95,28.45,37.78,39.84,36.39,37.47,35.87,41.1,45.89,51,35,0.04,32
Poland,POL,ECS,All,High income,HIC,2019,pol_2019_hbs_v01_m_v01_a_gmd.dta,hbs,37995709.0,0.2,0.1,0.52,0.18,0.61,0.62,0.62,0.33,0.29,16375962.0,0.7,0.62,0.04,,0.65,0.93,0.07,0.79,0.21,0.82,0.08,0.08,0.03,0.16,0.21,0.98,,,0.23,0.09,0.33,0.57,0.01,0.21,0.02,0.1,0.14,0.09,0.09,0.06,0.18,0.91,0.94,0.8,0.0,0.02,0.08,0.94,0.14,0.9,0.88,0.01,0.06,0.18,0.12,0.07,0.13,0.08,0.18,0.11,0.07,,,,,,,,,,,,,,,,,,,,0.91,39.22,41.18,44.73,40.81,40.82,40.54,43.37,44.23,98,81,0.1,74
Portugal,PRT,ECS,All,High income,HIC,2016,PRT_2016_I2D2_EUROSILC.dta,I2D2,10341330.0,0.13,0.11,0.54,0.22,0.74,0.65,0.54,0.2,0.34,5027702.0,0.77,0.75,0.02,,0.65,0.83,0.17,0.66,0.34,0.88,0.08,0.0,0.03,0.08,,,,,,0.03,0.26,0.71,0.0,0.2,0.0,0.06,0.22,0.07,0.11,0.08,0.23,0.98,0.99,0.86,0.0,0.03,0.07,0.99,0.54,0.91,0.88,0.06,0.18,0.12,0.08,0.18,0.03,0.13,0.1,0.12,0.0,41.2,0.08,0.16,4.09,708.33,530.0,691.67,742.33,0.04,0.06,6.99,10.07,0.82,,0.02,0.32,0.42,0.24,8.76,,43.81,42.54,47.34,42.17,42.47,42.12,45.45,46.26,52,37,0.05,35
Puerto Rico,PRI,LCN,All,High income,HIC,2005,PRI_2005_I2D2_CENSUS.dta,I2D2,3463703.0,0.21,0.15,0.5,0.14,,0.65,0.54,0.32,0.22,1215221.0,0.55,0.47,0.15,,0.47,0.85,0.15,0.68,0.32,0.89,0.11,0.0,0.0,0.11,,,,,0.28,0.01,0.23,0.76,0.0,0.13,0.01,0.08,0.22,0.04,0.04,0.1,0.35,1.0,0.99,0.88,0.0,0.0,0.1,0.99,0.59,0.89,0.89,0.11,0.17,0.11,0.18,0.13,0.02,0.18,0.01,0.08,0.0,3.62,1.0,0.0,78.15,1273.33,687.58,1239.42,1281.83,,,,,1.03,1.57,0.01,0.12,0.42,0.44,11.55,0.98,37.4,39.13,44.22,39.15,39.03,38.49,44.26,,33,11,0.03,13
Romania,ROU,ECS,All,Upper middle income,UMC,2016,rou_2016_i2d2_eurosilc.dta,i2d2,19817900.0,0.14,0.11,0.56,0.18,0.55,0.68,0.48,0.21,0.27,8755830.0,0.68,0.56,0.12,,0.65,0.95,0.05,0.79,0.21,0.74,0.2,0.04,0.01,0.25,,,,,,0.22,0.31,0.48,0.0,0.21,0.0,0.09,0.18,0.07,0.06,0.05,0.11,0.79,0.53,0.72,0.0,0.01,0.05,0.51,0.1,0.89,0.94,0.02,0.16,0.07,0.04,0.15,0.17,0.19,0.11,0.09,0.01,40.43,0.06,0.05,1.37,244.35,225.18,230.71,248.89,0.01,0.01,2.33,1.26,0.85,,0.01,0.04,0.73,0.22,10.76,,41.96,41.95,42.04,42.96,41.33,42.01,41.86,43.42,50,34,0.04,31
Russian Federation,RUS,ECS,All,Upper middle income,UMC,2019,rus_2019_vndn_v01_m_v01_a_gmd.dta,vndn,145831860.0,0.18,0.08,0.61,0.13,0.75,0.69,0.44,0.25,0.19,0.0,,,,,,,,,,,,,,,,,,,,,,,,,,,,,,,,,,,,,,,,,,,,,,,,,,,,,,,,,,,,,,,,,,,,,,,0.98,39.72,,,,,,,,35,13,0.15,89
Rwanda,RWA,SSF,All,Low income,LIC,2021,rwa_2021_lfs_v01_m_v01_a_gld_all.dta,lfs,12786879.0,0.37,0.21,0.38,0.04,0.2,0.59,0.71,0.63,0.07,4116308.0,0.55,0.48,0.23,,0.43,0.79,0.21,0.71,0.29,0.74,0.22,0.02,0.01,0.25,0.26,0.74,0.09,0.1,0.06,0.47,0.17,0.35,0.01,0.05,0.0,0.11,0.12,0.05,0.03,0.02,0.12,0.44,0.54,0.33,0.01,0.01,0.18,0.46,0.87,0.77,0.56,0.01,0.06,0.01,0.01,0.14,0.04,0.08,0.03,0.62,0.01,36.12,0.4,0.18,166.67,21725.0,17380.0,43450.0,50000.0,1.04,0.0,135.48,0.54,0.8,4.6,0.1,0.4,0.39,0.11,3.28,0.82,24.69,34.76,35.9,33.81,33.71,34.39,35.64,41.47,52,37,0.04,30
Samoa,WSM,EAS,All,Upper middle income,UMC,2013,wsm_2013_hies_v01_m_v02_a_gmd.dta,hies,192636.0,0.38,0.18,0.39,0.05,0.19,0.57,0.76,0.66,0.09,67008.0,0.61,0.44,0.14,,0.6,0.98,0.02,0.98,0.02,0.43,0.25,0.31,0.02,0.55,,,,,,0.06,0.1,0.84,0.0,0.06,0.01,0.02,0.06,0.04,0.02,0.03,0.69,0.99,0.95,0.42,0.29,0.02,0.22,0.86,0.14,0.77,0.41,,,,,,,,,,,,,,,,,,,,,,,,,0.02,0.04,0.67,0.27,11.48,0.93,25.97,35.93,37.88,36.05,35.77,36.04,35.6,44.38,101,83,0.16,90
Sao Tome and Principe,STP,SSF,All,Lower middle income,LMC,2017,STP_2017_I2D2_IOF.dta,I2D2,181154.0,0.42,0.19,0.35,0.04,0.37,0.54,0.84,0.78,0.07,55284.0,0.62,0.5,0.21,1.0,0.56,0.91,0.09,0.78,0.22,0.46,0.41,0.05,0.08,0.46,0.68,,,0.32,0.22,0.27,0.14,0.59,0.0,0.08,0.02,0.05,0.09,0.05,0.02,0.14,0.3,0.82,0.69,0.4,0.03,0.06,0.23,0.53,0.21,0.47,0.57,0.01,0.08,0.05,0.02,0.29,0.26,0.12,0.06,0.1,0.01,49.0,0.26,0.43,,,,,,,,,,,,0.0,0.26,0.68,0.06,7.29,0.95,22.59,35.79,36.3,34.54,35.91,35.94,35.98,34.15,26,6,0.04,23
Saudi Arabia,SAU,MEA,All,High income,HIC,2013,SAU_2013_I2D2_HEIS.dta,I2D2,28824849.0,0.33,0.21,0.44,0.02,,0.65,0.54,0.51,0.03,9761029.0,0.52,0.24,0.78,,0.46,0.87,0.13,0.57,0.43,0.88,0.03,0.09,0.0,0.12,0.51,,,0.49,0.32,,,,,,,,,,,,,,,0.0,0.0,0.0,0.0,,,,,0.03,0.11,0.13,0.08,0.09,0.2,0.03,0.02,0.22,0.1,,,,,,,,,,,,,,,0.13,0.13,0.53,0.21,8.83,,24.98,36.48,,,,36.39,37.12,,65,56,0.11,77
Senegal,SEN,SSF,All,Low income,LIC,2018,sen_2018_i2d2_ehcvm.dta,i2d2,15967381.0,0.38,0.17,0.31,0.14,0.47,0.48,1.08,0.79,0.29,4693467.0,0.87,0.92,0.06,,0.86,0.99,0.01,0.99,0.01,0.35,0.49,0.15,0.01,0.64,,,,,0.03,,,,,,,,,,,,,,,0.0,0.0,0.0,0.0,,,,,,,,,,,,,,,,,,,,,,,,,,,,,0.39,0.25,0.29,0.07,8.2,0.74,31.1,34.95,,,,36.38,38.82,44.18,95,78,0.13,82
Serbia,SRB,ECS,All,Upper middle income,UMC,2021,srb_2021_eu-silc_v01_m_v01_a_gmd.dta,eu-si,6838103.0,0.13,0.1,0.54,0.23,,0.64,0.57,0.21,0.36,0.0,,,,,,,,,,,,,,,,,,,,,,,,,,,,,,,,,,,,,,,,,,,,,,,,,,,,,,,,,,,,,,,,,,,,,,,,44.06,,,,,,,,38,18,0.18,91
Seychelles,SYC,SSF,All,High income,HIC,2013,SYC_2013_I2D2_HBS.dta,I2D2,96423.0,0.23,0.15,0.53,0.09,,0.68,0.47,0.34,0.14,52880.0,0.83,0.81,0.43,,0.75,0.93,0.07,0.86,0.14,0.92,0.06,0.01,0.02,0.07,,,,,0.34,0.03,0.15,0.82,0.0,0.07,0.03,0.05,0.09,0.25,0.12,0.26,0.1,0.99,0.99,0.88,0.01,0.01,0.05,0.99,0.69,0.84,0.94,0.07,0.11,0.1,0.08,0.25,0.04,0.11,0.07,0.17,0.01,,,,,,,,,,,,,,,0.01,0.09,0.57,0.33,10.89,,34.08,39.16,42.22,40.22,38.95,38.85,42.49,45.37,32,9,0.05,42
Sierra Leone,SLE,SSF,All,Low income,LIC,2018,sle_2018_slihs_v01_m_v01_a_gmd.dta,slihs,8497340.0,0.42,0.19,0.35,0.04,0.44,0.54,0.85,0.78,0.07,3279161.0,0.75,0.73,0.14,1.27,0.69,0.93,0.07,0.85,0.15,0.14,0.56,0.26,0.04,0.82,0.92,0.54,0.2,0.42,0.29,0.56,0.09,0.35,0.02,0.03,0.0,0.03,0.23,0.03,0.03,0.02,0.05,0.43,0.35,0.13,0.03,0.02,0.26,0.09,0.01,0.45,0.26,,,,,,,,,,,41.15,0.33,0.33,3.47,651.75,400.0,600.0,700.0,0.02,0.0,3.71,0.0,1.0,1.38,0.0,0.17,0.75,0.08,9.87,0.85,23.16,35.32,35.1,35.54,35.61,37.14,34.79,39.69,111,88,0.1,75
Slovak Republic,SVK,ECS,All,High income,HIC,2016,SVK_2016_I2D2_EUROSILC.dta,I2D2,5247463.0,0.14,0.12,0.59,0.16,0.58,0.7,0.42,0.2,0.22,2768128.0,0.78,0.72,0.03,,0.69,0.89,0.11,0.73,0.27,0.85,0.12,0.0,0.03,0.13,,,,,,0.02,0.36,0.61,0.0,0.27,0.0,0.09,0.18,0.08,0.08,0.1,0.17,0.99,0.99,0.83,0.0,0.03,0.12,0.99,0.81,0.84,0.85,0.05,0.12,0.17,0.1,0.19,0.01,0.16,0.13,0.07,0.0,41.41,0.03,0.12,3.94,700.0,661.83,700.0,700.0,0.04,0.07,6.72,11.91,0.79,,0.0,0.0,0.72,0.28,12.41,,40.59,41.66,45.28,41.51,41.6,41.43,42.64,44.1,42,23,0.04,23
Slovenia,SVN,ECS,All,High income,HIC,2016,SVN_2016_I2D2_EUROSILC.dta,I2D2,2015472.0,0.15,0.1,0.56,0.18,,0.66,0.51,0.23,0.28,969790.0,0.75,0.71,0.01,,0.62,0.84,0.16,0.62,0.38,0.9,0.08,0.0,0.02,0.08,,,,,,0.02,0.33,0.65,0.0,0.27,0.0,0.06,0.16,0.09,0.13,0.07,0.21,0.99,0.99,0.86,0.0,0.02,0.06,0.99,0.26,0.93,0.91,0.0,0.0,0.0,0.0,0.0,0.0,0.0,0.0,0.0,1.0,40.9,0.06,0.1,5.85,1015.0,830.0,1016.67,1022.5,0.06,0.08,9.91,14.54,0.89,,0.0,0.0,0.67,0.33,12.48,,41.86,42.36,45.93,42.23,42.33,42.11,44.14,45.65,55,42,0.05,41
Solomon Islands,SLB,EAS,All,Lower middle income,LMC,2013,SLB_2013_I2D2_HIES.dta,I2D2,615804.0,0.41,0.18,0.38,0.02,0.19,0.56,0.77,0.73,0.04,258751.0,0.74,0.72,0.09,,0.74,0.99,0.01,0.98,0.02,0.23,0.59,0.18,0.01,0.77,,,,,0.02,0.51,0.08,0.4,0.0,0.06,0.0,0.02,0.09,0.02,0.01,0.02,0.26,0.47,0.5,0.2,0.14,0.0,0.14,0.21,0.04,0.42,0.42,0.01,0.08,0.03,0.01,0.18,0.58,0.06,0.03,0.03,0.0,33.01,0.55,0.09,,,,,,,,,,,,0.09,0.54,0.33,0.03,6.94,0.89,23.06,36.15,36.72,36.9,35.28,36.34,36.08,38.11,66,57,0.07,64
Somalia,SOM,SSF,All,Low income,LIC,2013,SOM_2013_I2D2_SHS.dta,I2D2,13129999.0,0.48,0.2,0.29,0.03,0.55,0.49,1.05,0.98,0.07,1550401.0,0.25,0.15,0.44,0.17,0.23,0.94,0.06,0.85,0.15,0.62,0.37,0.01,0.0,0.38,0.76,0.39,,,0.39,0.22,0.11,0.67,0.0,0.03,0.01,0.07,0.26,0.1,0.06,0.06,0.19,0.74,0.62,0.56,0.0,0.0,0.18,0.56,0.15,0.85,0.74,0.03,0.12,0.04,0.02,0.38,0.17,0.09,0.06,0.09,0.0,47.99,0.27,0.51,2.56,500.0,600.0,800.0,500.0,,,,,1.0,0.77,0.56,0.21,0.15,0.08,3.73,0.95,20.66,38.27,36.21,37.4,39.03,38.43,38.03,,35,13,0.05,42
South Africa,ZAF,SSF,All,Upper middle income,UMC,2020,zaf_2020_qlfs_v02_m_v05_a_gld_all.dta,qlfs,58060431.0,0.27,0.18,0.5,0.06,0.65,0.67,0.49,0.39,0.09,21343656.0,0.55,0.49,0.2,3.0,0.39,0.71,0.29,0.41,0.59,0.84,0.1,0.01,0.06,0.1,0.3,0.84,0.32,0.52,0.17,0.05,0.21,0.73,0.03,0.1,0.01,0.08,0.2,0.06,0.16,0.05,0.26,0.96,0.91,0.79,0.01,0.05,0.1,0.9,0.88,0.82,0.84,0.09,0.07,0.09,0.1,0.17,0.0,0.11,0.08,0.29,0.0,42.42,0.13,0.19,23.01,4000.0,3466.0,5200.0,4000.0,0.15,0.03,25.6,5.09,0.78,2.05,0.02,0.07,0.6,0.31,10.33,0.97,29.93,39.8,39.18,39.55,39.92,39.38,41.18,43.41,39,19,0.03,13
South Sudan,SSD,SSF,All,Low income,LIC,2015,SSD_2015_I2D2_HFS-W1_V01_M_V01_A.dta,I2D2,4394838.0,0.52,0.18,0.28,0.02,0.14,0.45,1.2,1.15,0.05,1270405.0,0.87,0.87,0.05,,0.62,0.72,0.28,0.66,0.34,0.23,0.68,0.09,0.0,0.77,,,,,,0.77,0.03,0.2,0.0,0.01,0.0,0.01,0.07,0.03,0.0,0.03,0.07,0.21,0.19,0.16,0.06,0.0,0.03,0.16,0.06,0.59,0.63,,,,,,,,,,,,,,,,,,,,,,,,,0.54,0.3,0.13,0.02,3.06,0.57,19.04,31.98,31.74,31.5,32.04,32.41,31.96,,60,48,0.1,73
Spain,ESP,ECS,All,High income,HIC,2016,ESP_2016_I2D2_EUROSILC.dta,I2D2,45953168.0,0.14,0.1,0.57,0.19,0.74,0.66,0.51,0.22,0.29,23030194.0,0.78,0.73,0.03,,0.6,0.77,0.23,0.52,0.48,0.83,0.12,0.0,0.05,0.12,,,,,,0.04,0.2,0.76,0.0,0.15,0.0,0.05,0.23,0.08,0.12,0.08,0.24,0.97,0.95,0.8,0.0,0.04,0.11,0.95,0.67,0.84,0.84,0.04,0.17,0.12,0.13,0.2,0.03,0.11,0.07,0.13,0.01,39.08,0.17,0.14,7.55,1245.4,726.87,1312.52,1247.17,0.07,0.09,12.31,15.55,0.78,,0.04,0.1,0.49,0.37,10.16,,42.66,42.99,43.27,43.13,43.01,42.54,45.26,46.38,52,37,0.05,35
Sri Lanka,LKA,SAS,All,Lower middle income,LMC,2019,lka_2019_hies_v01_m_v01_a_gmd.dta,hies,22750927.0,0.22,0.15,0.52,0.11,0.17,0.67,0.49,0.32,0.17,7829862.0,0.57,0.37,0.16,,0.53,0.93,0.07,0.66,0.34,0.7,0.29,0.0,0.02,0.29,,,,,,0.23,0.28,0.49,0.01,0.18,0.01,0.08,0.13,0.11,0.05,0.08,0.12,0.74,0.88,0.59,0.0,0.01,0.18,0.9,0.48,0.81,0.73,,,,,,,,,,,,,,,,,,,,,,,,,0.02,0.1,0.48,0.4,,0.98,35.59,41.67,45.86,39.34,40.95,39.68,46.01,45.68,122,91,0.13,85
St. Lucia,LCA,LCN,All,Upper middle income,UMC,2016,lca_2016_i2d2_lchb.dta,i2d2,4576.0,0.23,0.17,0.5,0.1,0.63,0.67,0.49,0.34,0.15,2449.0,0.8,0.74,0.08,0.04,0.61,0.76,0.24,0.51,0.49,0.77,0.18,0.01,0.05,0.18,0.38,0.5,,0.76,0.04,0.09,0.17,0.74,0.0,0.06,0.01,0.1,0.32,0.06,0.1,0.1,0.16,0.97,0.96,0.72,0.0,0.03,0.12,0.96,0.26,0.76,0.84,0.05,0.09,0.08,0.06,0.3,0.08,0.13,0.06,0.14,0.0,,,,,,,,,,,,,,,0.01,0.32,0.47,0.19,9.43,0.98,34.07,39.8,46.06,40.22,38.92,37.99,45.47,47.64,9,1,0.01,2
Sudan,SDN,SSF,All,Lower middle income,LMC,2014,SDN_2014_I2D2_NBHS.dta,I2D2,34574848.0,0.42,0.19,0.35,0.04,0.35,0.53,0.88,0.8,0.08,16430543.0,0.89,0.85,0.06,,0.46,0.51,0.49,0.3,0.7,0.48,0.3,0.15,0.07,0.45,,,,,,0.46,0.08,0.45,0.01,0.02,0.01,0.05,0.08,0.05,0.01,0.14,0.17,0.37,0.4,0.35,0.01,0.04,0.13,0.33,0.28,0.74,0.64,0.02,0.07,0.02,0.02,0.09,0.34,0.06,0.02,0.33,0.04,,,,,,,,,,,,,,,0.42,0.25,0.22,0.1,5.74,0.79,23.23,36.35,35.23,35.37,37.88,36.4,35.89,40.6,37,16,0.06,45
Suriname,SUR,LCN,All,Upper middle income,UMC,1999,SUR_1999_I2D2_EHS.dta,I2D2,1694.0,0.26,0.2,0.47,0.06,1.0,0.68,0.48,0.38,0.09,691.0,0.6,0.49,0.15,0.03,0.58,0.96,0.04,0.92,0.08,0.82,0.12,0.01,0.04,0.13,0.31,0.77,0.6,0.51,0.25,0.03,0.24,0.73,0.03,0.08,0.03,0.1,0.14,0.05,0.08,0.28,0.18,0.98,0.99,0.76,0.01,0.03,0.09,0.99,0.61,0.73,0.89,,,,,,,,,,,41.52,0.2,0.2,508.49,89516.36,83921.59,109990.73,86900.0,38.46,20.24,6523.62,3433.11,0.81,1.33,0.03,0.16,0.57,0.24,10.45,0.96,29.36,36.46,38.37,35.1,37.36,35.93,37.92,43.23,56,44,0.08,68
Sweden,SWE,ECS,All,High income,HIC,2016,SWE_2016_I2D2_EUROSILC.dta,I2D2,9851017.0,0.16,0.12,0.51,0.21,0.7,0.63,0.59,0.26,0.33,4763515.0,0.8,0.77,0.02,,0.74,0.93,0.07,0.84,0.16,0.9,0.06,0.0,0.04,0.06,,,,,,0.02,0.19,0.79,0.0,0.11,0.0,0.07,0.14,0.1,0.18,0.07,0.3,1.0,0.98,0.52,0.0,0.02,0.03,0.98,0.36,0.92,0.92,0.05,0.27,0.17,0.07,0.2,0.02,0.1,0.07,0.04,0.0,39.0,0.18,0.09,13.29,2223.03,1647.56,2490.43,2140.28,0.13,0.01,22.19,2.46,0.83,,0.0,0.03,0.51,0.46,12.24,,41.43,42.79,46.09,42.76,42.31,42.44,46.72,47.7,69,62,0.06,54
Switzerland,CHE,ECS,All,High income,HIC,2015,CHE_2015_I2D2_EUROSILC.dta,I2D2,8107904.0,0.14,0.11,0.56,0.18,0.76,0.68,0.48,0.21,0.27,4321861.0,0.81,0.74,0.05,,0.78,0.96,0.04,0.95,0.05,0.89,0.07,0.0,0.04,0.07,,,,,,0.03,0.2,0.77,0.0,0.14,0.0,0.06,0.17,0.08,0.19,0.05,0.29,0.98,0.97,0.84,0.0,0.03,0.06,0.97,0.44,0.93,0.9,0.11,0.23,0.2,0.08,0.16,0.03,0.11,0.04,0.04,0.0,38.67,0.27,0.15,24.97,4168.54,2668.15,4465.08,4051.7,0.26,0.17,42.72,27.79,0.64,,0.0,0.02,0.34,0.63,13.11,,41.83,41.68,43.86,41.85,42.39,41.53,48.88,47.48,63,52,0.06,46
Syrian Arab Republic,SYR,MEA,All,Low income,LIC,2003,SYR_2003_I2D2_HIES.dta,I2D2,173296.0,0.39,0.23,0.35,0.04,0.51,0.57,0.74,0.68,0.06,50961.0,0.51,0.21,0.26,,0.47,0.92,0.08,0.81,0.19,0.56,0.24,0.13,0.07,0.37,0.71,,,0.29,1.0,0.24,0.27,0.49,0.0,0.13,0.0,0.13,0.15,0.06,0.02,0.26,0.0,0.51,0.71,0.52,0.03,0.05,0.17,0.65,0.16,0.68,0.68,0.05,0.07,0.09,0.11,0.06,0.23,0.09,0.28,0.0,0.01,44.88,0.12,0.24,31.97,6000.0,4000.0,6000.0,6500.0,0.53,,100.08,,0.93,,0.14,0.49,0.28,0.09,7.11,0.84,23.45,33.7,33.64,30.77,35.34,32.38,34.06,42.61,35,13,0.05,37
Tajikistan,TJK,ECS,All,Low income,LIC,2013,TJK_2013_I2D2_JMSC.dta,I2D2,5373109.0,0.32,0.22,0.42,0.04,0.28,0.64,0.56,0.5,0.06,1635752.0,0.48,0.26,0.35,,0.47,0.98,0.02,0.97,0.03,0.79,0.07,0.12,0.02,0.19,0.61,0.44,,,0.34,0.23,0.33,0.44,0.0,0.06,0.01,0.26,0.12,0.05,0.02,0.03,0.22,0.59,0.73,0.67,0.03,0.01,0.06,0.71,0.53,0.93,0.82,,,,,,,,,,,44.81,0.2,0.38,2.88,500.0,300.0,750.0,500.0,0.03,0.01,4.5,2.52,0.58,1.0,0.03,0.21,0.63,0.13,11.52,0.78,26.28,36.04,36.13,33.67,37.83,35.89,36.61,38.39,55,42,0.06,54
Tanzania,TZA,SSF,All,Low income,LIC,2020,tza_2020_ilfs_v01_m_v01_a_gld_all.dta,ilfs,58208735.0,0.45,0.18,0.33,0.04,0.28,0.51,0.98,0.89,0.08,21629891.0,0.73,0.68,0.2,,0.68,0.93,0.07,0.92,0.08,0.17,0.52,0.29,0.02,0.81,0.93,0.07,,0.05,0.03,0.59,0.09,0.31,0.01,0.05,0.0,0.03,0.18,0.04,0.03,0.01,0.06,0.4,0.33,0.15,0.03,0.02,0.21,0.17,0.04,0.4,0.36,0.0,0.01,0.02,0.01,0.13,0.54,0.09,0.03,0.15,0.0,42.13,0.35,0.32,1359.97,300000.03,191000.0,260000.0,360000.0,7.92,0.01,1746.27,2.97,0.97,2.34,0.14,0.15,0.59,0.12,,0.83,22.66,34.4,34.43,34.04,34.46,32.77,34.7,38.69,37,16,0.03,13
Thailand,THA,EAS,All,Upper middle income,UMC,2021,tha_2021_lfs-q3_v01_m_v03_a_gld_all.dta,lfs-q,68243482.0,0.16,0.13,0.57,0.13,0.45,0.71,0.41,0.23,0.18,35808690.0,0.74,0.67,0.13,,0.73,0.99,0.01,0.95,0.05,0.48,0.32,0.18,0.02,0.5,,,,,0.09,0.32,0.22,0.46,0.0,0.16,0.0,0.06,0.24,0.04,0.04,0.05,0.08,0.71,0.71,0.45,0.06,0.02,0.16,0.64,0.1,0.79,0.59,0.03,0.06,0.05,0.05,0.2,0.29,0.11,0.1,0.11,0.0,41.5,0.19,0.15,57.54,11700.0,6000.0,10400.0,12000.0,0.53,0.04,106.83,8.37,1.09,1.47,0.04,0.16,0.54,0.26,,0.91,38.95,41.6,45.55,38.82,40.23,38.03,44.82,46.4,46,29,0.04,27
Timor-Leste,TLS,EAS,All,Lower middle income,LMC,2010,tmp_2010_i2d2_lfs.dta,i2d2,1076212.0,0.42,0.18,0.35,0.05,0.27,0.53,0.87,0.79,0.09,325011.0,0.57,0.46,0.12,1.0,0.56,0.98,0.02,0.97,0.03,0.3,0.41,0.28,0.02,0.69,0.85,0.71,,,0.71,0.65,0.12,0.23,0.01,0.04,0.0,0.07,0.03,0.02,0.06,0.04,0.08,0.28,0.39,0.19,0.01,0.01,0.05,0.32,0.01,0.59,0.83,0.04,0.03,0.14,0.01,0.05,0.16,0.06,0.03,0.48,0.0,46.12,0.16,0.4,0.8,150.0,20.0,130.0,125.0,0.01,0.02,1.7,3.39,1.0,1.66,0.35,0.26,0.36,0.03,,0.94,24.38,38.48,41.45,37.63,36.39,37.05,41.29,41.61,74,66,0.06,57
Togo,TGO,SSF,All,Low income,LIC,2018,tgo_2018_i2d2_ehcvm.dta,i2d2,7657072.0,0.43,0.16,0.37,0.04,0.41,0.53,0.89,0.82,0.07,3841918.0,0.95,0.98,0.02,,0.95,1.0,0.0,1.0,0.0,0.16,0.59,0.23,0.01,0.82,,,,,0.01,,,,,,,,,,,,,,,0.0,0.0,0.0,0.0,,,,,,,,,,,,,,,,,,,,,,,,,,,,,0.27,0.26,0.4,0.07,8.43,0.88,23.38,33.71,,,,35.59,36.01,36.63,59,47,0.08,68
Tonga,TON,EAS,All,Upper middle income,UMC,2015,ton_2015_hies_v01_m_v03_a_gmd.dta,hies,101786.0,0.35,0.19,0.39,0.07,0.23,0.57,0.75,0.62,0.13,33710.0,0.6,,0.2,,0.6,1.0,0.0,1.0,0.0,0.49,0.05,0.45,0.01,0.5,,,,,,0.34,0.25,0.41,0.01,0.17,0.02,0.06,0.07,0.07,0.04,0.07,0.16,,0.58,0.45,0.17,0.01,0.04,0.54,0.13,0.35,0.88,,,,,,,,,,,,,,,,,,,,,,,,,0.02,0.01,0.62,0.34,,0.98,27.46,37.91,37.82,39.38,37.09,35.86,39.87,42.02,103,84,0.12,81
Trinidad and Tobago,TTO,LCN,All,High income,HIC,2000,TTO_2000_I2D2_IPUMS.dta,I2D2,1118200.0,0.25,0.2,0.48,0.07,,0.68,0.48,0.38,0.1,467200.0,0.63,0.47,0.16,,0.56,0.9,0.1,0.77,0.23,0.8,0.15,0.01,0.03,0.16,,,,,0.21,0.06,0.28,0.65,0.02,0.12,0.01,0.12,0.19,0.08,0.08,0.09,0.22,0.98,0.94,0.75,0.01,0.03,0.13,0.94,0.52,0.88,0.8,0.07,0.04,0.1,0.13,0.14,0.03,0.18,0.09,0.21,0.0,,,,,,,,,,,,,,,0.02,0.33,0.57,0.08,9.48,0.94,30.57,36.25,37.82,36.16,36.2,35.72,38.37,39.98,32,9,0.04,22
Tunisia,TUN,MEA,All,Lower middle income,LMC,2015,TUN_2015_I2D2_NSHBCSL_V01_M_V02_A.dta,I2D2,11179093.0,0.24,0.16,0.51,0.09,0.68,0.67,0.5,0.36,0.14,4045728.0,0.54,0.34,0.14,,0.44,0.81,0.19,0.56,0.44,0.76,0.15,0.03,0.07,0.18,0.41,0.59,,,0.16,0.13,0.34,0.53,0.0,0.19,0.01,0.13,0.18,0.06,0.04,0.08,0.16,0.86,0.87,0.69,0.01,0.06,0.11,0.85,0.49,0.86,0.75,0.05,0.11,0.06,0.04,0.18,0.09,0.16,0.12,0.2,0.0,43.4,0.18,0.24,,,,,,,,,,,,0.01,0.43,0.35,0.21,9.02,0.95,33.58,40.24,42.27,38.48,40.86,39.24,43.02,44.03,52,37,0.05,42
Turkiye,TUR,ECS,All,Upper middle income,UMC,2019,tur_2019_hlfs_v01_m_v03_a_gld_all.dta,hlfs,61469127.0,0.0,0.19,0.69,0.12,,0.88,0.14,0.0,0.14,31671610.0,0.58,0.39,0.21,,0.5,0.86,0.14,0.75,0.25,0.7,0.16,0.1,0.04,0.26,0.33,,,0.67,0.16,0.17,0.26,0.57,0.0,0.19,0.01,0.06,0.2,0.05,0.09,0.07,0.16,0.76,0.82,0.68,0.02,0.04,0.09,0.81,0.12,0.85,0.8,0.05,0.11,0.06,0.07,0.2,0.13,0.13,0.09,0.14,0.0,45.38,0.14,0.3,11.62,2400.0,1700.0,2200.0,2500.0,0.05,0.05,10.9,9.49,0.83,1.96,,,,,8.32,0.84,41.82,37.9,42.37,36.45,37.25,36.04,42.19,42.61,86,73,0.08,66
Tuvalu,TUV,EAS,All,Upper middle income,UMC,2010,TUV_2010_I2D2_HIES.dta,I2D2,9949.0,0.33,0.16,0.45,0.06,,0.61,0.65,0.55,0.1,2708.0,0.45,0.38,0.42,,0.37,0.83,0.17,0.68,0.32,0.94,0.04,0.0,0.02,0.04,,,,,0.71,,,,,,,,,,,,,,,0.0,0.0,0.0,0.0,,,,,0.09,0.12,0.16,0.14,0.11,0.05,0.1,0.03,0.19,0.0,36.62,0.21,0.09,8.44,1427.08,,,,0.08,0.07,14.34,12.23,1.06,1.25,0.03,0.49,0.27,0.21,9.75,0.9,28.95,36.8,,,,36.0,41.84,42.95,79,69,0.13,84
Uganda,UGA,SSF,All,Low income,LIC,2016,UGA_2016_I2D2_UNHS.dta,I2D2,40878370.0,0.48,0.2,0.29,0.03,0.25,0.49,1.05,0.98,0.06,15276837.0,0.79,0.77,0.09,0.19,0.77,0.97,0.03,0.95,0.05,0.24,0.4,0.33,0.03,0.73,0.92,0.27,0.21,0.11,0.04,0.64,0.07,0.29,0.01,0.04,0.0,0.03,0.15,0.04,0.03,0.01,0.07,0.3,0.28,0.18,0.02,0.02,0.15,0.19,0.09,0.58,0.48,0.01,0.04,0.01,0.01,0.17,0.53,0.04,0.03,0.16,0.0,38.91,0.48,0.29,843.88,180000.0,96000.0,180000.0,239999.98,6.35,0.01,1441.24,1.53,0.5,3.89,0.11,0.55,0.27,0.07,6.44,0.89,20.48,32.7,32.68,32.86,32.69,31.75,32.78,38.38,59,47,0.05,43
Ukraine,UKR,ECS,All,Lower middle income,LMC,2020,ukr_2020_hlcs_v01_m_v01_a_gmd.dta,hlcs,37473623.0,,,,,0.67,,,,,0.0,,,,,,,,,,,,,,,,,,,,,,,,,,,,,,,,,,,,,,,,,,,,,,,,,,,,,,,,,,,,,,,,,,,,,,,,,,,,,,,,64,54,0.19,93
United Kingdom,GBR,ECS,All,High income,HIC,2016,GBR_2016_I2D2_EUROSILC.dta,I2D2,64728438.0,0.17,0.12,0.52,0.18,0.85,0.65,0.54,0.26,0.28,30906822.0,0.76,0.71,0.08,,0.73,0.95,0.05,0.89,0.11,0.87,0.1,0.0,0.03,0.1,,,,,,0.01,0.19,0.8,0.0,0.11,0.0,0.08,0.18,0.09,0.16,0.05,0.31,0.99,0.99,0.85,0.0,0.02,0.1,0.99,0.64,0.82,0.89,0.1,0.26,0.13,0.09,0.19,0.01,0.09,0.05,0.09,0.0,37.85,0.28,0.16,13.32,2225.0,1883.33,2691.67,2108.33,0.12,0.16,20.77,26.71,0.67,,0.0,0.0,0.41,0.59,12.63,0.95,40.06,40.89,42.17,41.65,40.75,40.36,44.27,46.35,56,44,0.05,41
United States,USA,NAC,All,High income,HIC,2018,USA_2018_I2D2_CPS.dta,I2D2,316740705.0,0.19,0.13,0.53,0.16,0.83,0.65,0.53,0.29,0.25,150798813.0,0.73,0.68,0.45,2.1,0.7,0.96,0.04,0.91,0.09,0.94,0.06,0.0,0.0,0.06,,,,,0.13,0.02,0.19,0.8,0.01,0.1,0.01,0.07,0.13,0.06,0.19,0.05,0.37,0.99,0.98,0.93,0.0,0.0,0.05,0.98,0.74,0.94,0.95,0.16,0.23,0.18,0.11,0.1,0.01,0.09,0.05,0.06,0.0,38.65,0.22,0.14,,,,,,,,,,,,0.0,0.02,0.4,0.58,,,39.1,40.34,41.02,41.94,39.95,40.05,45.04,,67,59,0.07,61
Uruguay,URY,LCN,All,High income,HIC,2021,ury_2021_ech-s2_v01_m_v01_a_gmd.dta,ech-s,3542419.0,0.2,0.15,0.5,0.15,0.95,0.65,0.53,0.3,0.23,1704625.0,0.74,0.68,0.11,,0.67,0.91,0.09,0.73,0.27,0.72,0.24,0.01,0.03,0.25,,,,,,0.08,0.17,0.76,0.0,0.1,0.01,0.06,0.23,0.06,0.12,0.29,0.07,0.97,0.91,0.66,0.01,0.03,0.21,0.89,0.61,0.69,0.74,,,,,,,,,,,,,,,,,,,,,,,,,0.01,0.03,0.84,0.11,9.92,0.98,37.4,40.46,40.83,41.09,40.31,39.57,42.21,46.67,91,75,0.11,77
Uzbekistan,UZB,ECS,All,Lower middle income,LMC,2003,UZB_2003_I2D2_HBS.dta,I2D2,23559494.0,0.34,0.21,0.4,0.05,0.37,0.61,0.63,0.55,0.08,6848698.0,0.51,0.38,0.37,1.01,0.44,0.85,0.15,0.75,0.25,0.76,0.17,0.04,0.03,0.22,,,,,0.28,0.03,0.39,0.58,0.0,0.03,0.01,0.35,0.15,0.1,0.17,0.17,0.0,0.98,0.97,0.73,0.04,0.02,0.17,0.95,0.9,0.87,0.67,0.17,0.16,0.3,0.03,0.01,0.01,0.12,0.19,0.0,0.0,41.33,0.23,0.2,115.07,20000.0,27000.0,16000.0,20000.0,,,,,0.89,1.11,0.01,0.1,0.66,0.23,,0.9,25.93,34.74,34.48,34.7,34.82,34.97,33.97,35.2,32,9,0.03,13
Vanuatu,VUT,EAS,All,Lower middle income,LMC,2019,vut_2019_nsdp_v01_m_v01_a_gmd.dta,nsdp,276648.0,0.38,0.18,0.4,0.04,0.28,0.58,0.72,0.65,0.07,77611.0,0.48,,0.32,,0.44,0.91,0.09,0.76,0.24,0.62,0.3,0.02,0.05,0.32,,,,,,0.48,0.08,0.44,0.0,0.04,0.0,0.04,0.12,0.05,0.01,0.06,0.2,,0.39,0.57,0.01,0.03,0.07,0.61,0.16,0.77,0.84,,,,,,,,,,,,,,,,,,,,,,,,,0.05,0.42,0.46,0.06,,0.85,25.11,35.64,35.06,35.6,36.19,35.46,37.82,33.21,111,88,0.17,91
"Venezuela, RB",VEN,LCN,All,Upper middle income,UMC,2006,VEN_2006_I2D2_EHM.dta,I2D2,26951658.0,0.31,0.19,0.45,0.05,,0.64,0.56,0.48,0.08,11874157.0,0.69,0.54,0.18,,0.62,0.91,0.09,0.83,0.17,0.6,0.35,0.01,0.04,0.36,0.64,,0.61,0.61,0.0,0.09,0.24,0.67,0.01,0.13,0.0,0.1,0.27,0.09,0.05,0.03,0.23,0.98,0.88,0.51,0.01,0.04,0.31,0.84,0.43,0.65,0.57,0.04,0.1,0.03,0.07,0.19,0.09,0.21,0.09,0.17,0.0,41.39,0.16,0.16,3517.19,663730.81,448278.19,677417.44,663730.81,,,,,0.89,,0.04,0.28,0.48,0.21,8.83,0.94,27.99,36.58,36.24,36.05,36.76,34.82,38.67,43.39,44,27,0.04,23
West Bank and Gaza,PSE,MEA,All,Lower middle income,LMC,2017,pse_2017_i2d2_pecs_v01_m_v03_a.dta,i2d2,20620.0,0.39,0.21,0.37,0.03,0.81,0.58,0.74,0.68,0.06,5183.0,0.44,0.14,0.21,,0.39,0.89,0.11,0.79,0.21,0.78,0.15,0.02,0.06,0.16,0.68,0.41,,0.24,0.07,0.06,0.33,0.61,0.0,0.13,0.0,0.2,0.21,0.06,0.02,0.13,0.19,0.94,0.93,0.74,0.01,0.05,0.13,0.91,0.57,0.83,0.77,0.05,0.13,0.05,0.02,0.19,0.03,0.2,0.1,0.19,0.05,,,,,,,,,,,,,,,0.02,0.1,0.61,0.28,10.49,0.95,24.09,35.49,35.78,33.88,36.33,34.49,37.08,44.5,52,37,0.05,42
"Yemen, Rep.",YEM,MEA,All,Low income,LIC,2014,yem_2014_i2d2_hbs.dta,i2d2,25975924.0,0.42,0.21,0.33,0.04,0.3,0.54,0.87,0.79,0.08,6449292.0,0.47,0.22,0.39,,0.43,0.92,0.08,0.85,0.15,1.0,0.0,0.0,0.0,0.0,,,,,0.37,,,,,,,,,,,,,,,0.0,0.0,0.0,0.0,,,,,,,,,,,,,,,,,,,,,,,,,,,,,0.34,0.19,0.37,0.1,5.68,0.64,22.52,33.24,,,,33.06,,,114,89,0.17,91
Zambia,ZMB,SSF,All,Lower middle income,LMC,2015,zmb_2015_lcms-vii_v01_m_v04_a_gmd.dta,lcms-,15403570.0,0.35,0.24,0.37,0.03,0.42,0.62,0.62,0.58,0.05,5384204.0,0.65,0.57,0.17,1.09,0.56,0.88,0.12,0.69,0.31,0.23,0.58,0.18,0.01,0.76,0.9,,,0.13,0.08,0.57,0.11,0.32,0.02,0.04,0.01,0.04,0.17,0.03,0.01,0.07,0.05,0.38,0.3,0.21,0.01,0.01,0.19,0.15,0.04,0.52,0.5,0.02,0.05,0.02,0.01,0.18,0.51,0.06,0.04,0.12,0.0,,,,,,,,,,,,,,,0.21,0.24,0.39,0.16,8.41,0.73,24.24,35.53,35.43,36.0,35.88,35.58,35.82,38.71,19,3,0.02,3
Zimbabwe,ZWE,SSF,All,Low income,LIC,2017,zwe_2017_pices_v01_m_v01_a_gmd.dta,pices,13119624.0,0.41,0.2,0.35,0.05,0.32,0.54,0.84,0.75,0.09,5542417.0,0.99,0.98,0.02,,0.94,0.95,0.05,0.92,0.08,0.26,0.72,0.02,0.0,0.74,0.86,0.56,,,0.05,0.7,0.07,0.23,0.02,0.03,0.0,0.02,0.09,0.02,0.0,0.01,0.11,0.24,0.17,0.2,0.01,0.0,0.1,0.11,0.09,0.56,0.69,0.01,0.04,0.01,0.01,0.08,0.63,0.04,0.03,0.14,0.0,36.24,0.47,0.23,,,,,,,,,,,,0.0,0.12,0.84,0.03,9.01,0.97,23.86,34.23,34.76,36.23,36.0,35.22,35.11,44.96,57,45,0.06,47
